-- MySQL dump 10.13  Distrib 5.7.17, for Linux (x86_64)
--
-- Host: localhost    Database: api
-- ------------------------------------------------------
-- Server version	5.7.17

/*!40101 SET @OLD_CHARACTER_SET_CLIENT=@@CHARACTER_SET_CLIENT */;
/*!40101 SET @OLD_CHARACTER_SET_RESULTS=@@CHARACTER_SET_RESULTS */;
/*!40101 SET @OLD_COLLATION_CONNECTION=@@COLLATION_CONNECTION */;
/*!40101 SET NAMES utf8 */;
/*!40103 SET @OLD_TIME_ZONE=@@TIME_ZONE */;
/*!40103 SET TIME_ZONE='+00:00' */;
/*!40014 SET @OLD_UNIQUE_CHECKS=@@UNIQUE_CHECKS, UNIQUE_CHECKS=0 */;
/*!40014 SET @OLD_FOREIGN_KEY_CHECKS=@@FOREIGN_KEY_CHECKS, FOREIGN_KEY_CHECKS=0 */;
/*!40101 SET @OLD_SQL_MODE=@@SQL_MODE, SQL_MODE='NO_AUTO_VALUE_ON_ZERO' */;
/*!40111 SET @OLD_SQL_NOTES=@@SQL_NOTES, SQL_NOTES=0 */;

--
-- Table structure for table `departments`
--

DROP TABLE IF EXISTS `departments`;
/*!40101 SET @saved_cs_client     = @@character_set_client */;
/*!40101 SET character_set_client = utf8 */;
CREATE TABLE `departments` (
  `id` int(11) NOT NULL AUTO_INCREMENT,
  `name` varchar(20) NOT NULL,
  PRIMARY KEY (`id`)
) ENGINE=MyISAM AUTO_INCREMENT=5 DEFAULT CHARSET=utf8;
/*!40101 SET character_set_client = @saved_cs_client */;

--
-- Dumping data for table `departments`
--

LOCK TABLES `departments` WRITE;
/*!40000 ALTER TABLE `departments` DISABLE KEYS */;
INSERT INTO `departments` VALUES (1,'编程部'),(2,'页面设计部'),(3,'页面前端部'),(4,'文秘部');
/*!40000 ALTER TABLE `departments` ENABLE KEYS */;
UNLOCK TABLES;

--
-- Table structure for table `user_groups`
--

DROP TABLE IF EXISTS `user_groups`;
/*!40101 SET @saved_cs_client     = @@character_set_client */;
/*!40101 SET character_set_client = utf8 */;
CREATE TABLE `user_groups` (
  `id` int(11) NOT NULL AUTO_INCREMENT,
  `name` varchar(20) NOT NULL,
  `is_admin` tinyint(1) NOT NULL DEFAULT '0',
  PRIMARY KEY (`id`)
) ENGINE=MyISAM AUTO_INCREMENT=3 DEFAULT CHARSET=utf8;
/*!40101 SET character_set_client = @saved_cs_client */;

--
-- Dumping data for table `user_groups`
--

LOCK TABLES `user_groups` WRITE;
/*!40000 ALTER TABLE `user_groups` DISABLE KEYS */;
INSERT INTO `user_groups` VALUES (1,'普通用户',0),(2,'管理员',1);
/*!40000 ALTER TABLE `user_groups` ENABLE KEYS */;
UNLOCK TABLES;

--
-- Table structure for table `user_infos`
--

DROP TABLE IF EXISTS `user_infos`;
/*!40101 SET @saved_cs_client     = @@character_set_client */;
/*!40101 SET character_set_client = utf8 */;
CREATE TABLE `user_infos` (
  `uid` int(11) NOT NULL,
  `realname` varchar(10) DEFAULT NULL,
  `nickname` varchar(50) DEFAULT NULL,
  `sex` tinyint(1) DEFAULT '0',
  `college` varchar(50) DEFAULT NULL,
  `short` varchar(10) DEFAULT NULL,
  `qq` varchar(20) DEFAULT NULL,
  `new_status` tinyint(3) NOT NULL DEFAULT '0',
  `sid` varchar(11) DEFAULT NULL,
  `department` tinyint(2) NOT NULL DEFAULT '0',
  UNIQUE KEY `uid` (`uid`) USING BTREE
) ENGINE=MyISAM DEFAULT CHARSET=utf8;
/*!40101 SET character_set_client = @saved_cs_client */;

--
-- Dumping data for table `user_infos`
--

LOCK TABLES `user_infos` WRITE;
/*!40000 ALTER TABLE `user_infos` DISABLE KEYS */;
INSERT INTO `user_infos` VALUES (16,'王燕萍',NULL,2,'英东农业科学与工程学院','681764','944163141',2,'16102101059',2),(15,'乐力宏',NULL,1,'经济管理学院','616785','303029505',2,'16103012049',2),(14,'冯诗茵',NULL,2,'文学院',NULL,'1025039287',2,'16105032034',2),(13,'李晓铭',NULL,1,'信息科学与工程学院',NULL,'1872947817',2,'17115062027',3),(12,'董文华',NULL,2,'政治与公共事务管理学院',NULL,'1557894634',2,'16107011080',2),(26,'郑镇涛',NULL,1,'信息科学与工程学院','662769','1721147258',2,'16115072036',3),(27,'黄冠润',NULL,1,'信息科学与工程学院','682650','204472862',2,'16115072003',1),(21,'余晓鹏',NULL,1,'经济管理学院','642742','740004078',2,'16101101035',1),(22,'吴镜杰',NULL,1,'信息科学与工程学院','642767','1422152595',2,'16115073004',1),(23,'许子琪',NULL,2,'经济管理学院',NULL,'3477527354',2,'16103012058',3),(28,'凌活龙',NULL,1,'物理与机电工程学院','671093','1967471283',2,'17101071016',1),(29,'卢健聪',NULL,1,'物理与机电工程学院','675389','1596715459',2,'17101081022',1),(30,'汪晶晶',NULL,2,'英东食品科学与工程学院','672561','975824203',1,'17129032032',4),(31,'钟晓琳',NULL,2,'政治与公共事务管理学院','674178','2623955813',2,'17107011079',1),(32,'欧阳晨蕾',NULL,2,'政治与公共事务管理学院','674126','1922790870',2,'17107011063',4),(33,'何健祖',NULL,1,'土木工程学院',NULL,'773981398',2,'17104062031',1),(34,'马秋绿',NULL,2,'英东食品科学与工程学院','670510','953780128',2,'17129013033',1),(35,'罗洁',NULL,2,'政治与公共事务管理学院','674106','2570853882',2,'17107011015',4),(36,'姚莉霞',NULL,2,'外语学院','669030','954033032',2,'16106021021',2),(37,'梁月珊',NULL,2,'政治与公共事务管理学院','674122','1950373891',2,'17107011059',4),(38,'陈绮云',NULL,2,'外语学院','683781','947758023',2,'16106021034',2),(39,'余炜根',NULL,1,'信息科学与工程学院','642021','2649121031',2,'16115071039',3),(40,'高子珮',NULL,2,'旅游与地理学院','669874','1456269835',1,'16109022042',2),(41,'徐文聪',NULL,1,'英东食品科学与工程学院','662812','1845842262',2,'17129013026',2),(42,'刘浩文',NULL,1,'英东食品科学与工程学院','688922','1061794349',1,'17129011007',2),(43,'杨晓东',NULL,1,'英东食品科学与工程学院','670471','506914262',1,'17129012031',2),(44,'罗文珊',NULL,2,'教育学院',NULL,'1157123032',2,'17114022022',2),(45,'陈雅琪',NULL,2,'教育学院','674547','1365546990',1,'17114022009',2),(46,'陈小东',NULL,1,'体育学院','673207','867959155',2,'17111016024',2),(47,'胡辉龙',NULL,1,'数学与统计学院','672741','2565965193',2,'17110031003',3),(333,'邓瑾莲',NULL,2,'教育学院','673985',NULL,2,'17114091034',1),(49,'叶晓峰',NULL,1,'体育学院','675065','1694271858',1,'17111042021',2),(50,'何冠鹏',NULL,1,'体育学院',NULL,'1420283844',2,'17111014019',1),(51,'钟慧娟',NULL,2,'教育学院','673927','605420712',2,'17114022029',3),(52,'叶金镕',NULL,2,'英东食品科学与工程学院','670690','907265807',1,'17129031040',1),(53,'蔡荣声',NULL,1,'数学与统计学院',NULL,'2060808858',1,NULL,1),(54,'刘明杰',NULL,1,'物理与机电工程学院','678131','1271065093',2,'17101071003',1),(55,'刘日诚',NULL,1,'信息科学与工程学院',NULL,'979946744',2,'17115073002',3),(56,'朱富鸿',NULL,1,'信息科学与工程学院','671516','1468169244',1,'17115031045',1),(57,'黄清清',NULL,2,'信息科学与工程学院','671970','474421820',2,'17115071014',2),(58,'刘蓝茜',NULL,2,'法学院','686291','1366451862',2,'17108013033',2),(59,'姚湛光',NULL,1,'数学与统计学院','674492','1696740920',2,'17110051034',4),(60,'李振',NULL,1,'英东生命科学学院','672295','2650316229',2,'17118041033',1),(61,'纪晓锋',NULL,1,'旅游与地理学院','671096','1191346178',1,'17109041035',4),(62,'张灿旭',NULL,1,'文学院','636296','772963699',2,'17105041009',4),(63,'钟冠伦',NULL,1,'旅游与地理学院','689188','549521435',2,'16109061027',1),(64,'何围',NULL,1,'体育学院','672685','928333401',2,'17111014027',4),(65,'余丹妮',NULL,2,'英东生命科学学院','666134','1098436954',2,'17118041027',4),(66,'叶思宇',NULL,2,'法学院','674361','962575885',2,'17108012042',4),(67,'陈凤明',NULL,2,'教育学院',NULL,'1657947736',2,'17114091024',3),(68,'李扬豪',NULL,1,'化学与环境工程学院','671928','2536727169',2,'17104032017',3),(69,'蔡晓婵',NULL,2,'英东食品科学与工程学院','685681','2254626414',1,'17129032009',3),(70,'洪建峰',NULL,1,'化学与环境工程学院','678052','1957570541',2,'17104032037',3),(71,'张茜迪',NULL,2,'经济管理学院','612667','2250588292',2,'16103031047',2),(72,'余雨健',NULL,1,'物理与机电工程学院','675399','3193569489',1,'17101041027',2),(73,'黄雨珺',NULL,2,'法学院','674477','565598267',1,'17108021020',4),(74,'黄楠',NULL,2,'英东农业科学与工程学院','672779','247440897',2,'17102101023',2),(75,'曾催莹',NULL,1,'旅游与地理','674843','2875071918',1,NULL,4),(76,'叶惠芳',NULL,2,'文学院','685371','1716328576',2,'16105032003',3),(77,'吴懿',NULL,1,'食品学院','670629','302600081',1,NULL,1),(78,'卢泽智',NULL,1,'信息科学与工程学院',NULL,'1072316240',2,'17115073039',1),(79,'张灿麟',NULL,1,'数学与统计学院','672787','1083765255',2,'17110031013',3),(80,'梁颢耀',NULL,1,'物理与机电工程学院','674897','1925481969',2,'17101024038',1),(81,'张超益',NULL,1,'物理与机电工程学院','654416','836358001',2,'16101072047',3),(82,'陈琪媚',NULL,2,'物理与机电工程学院','671065','1038944163',2,'17101072034',3),(83,'林亮',NULL,1,'物理与机电工程学院','623098','1764037195',2,'16101071040',1),(84,'余潇涵',NULL,1,'信息科学与工程学院',NULL,'1225696418',2,'17115073040',2),(85,'曾祥达',NULL,1,'物理与机电工程学院','672524','1744166425',2,'16101022029',3),(86,'欧东坤',NULL,1,'数学与统计学院',NULL,'1493155516',2,'17110031001',1),(87,'叶诗诗',NULL,1,'数学与统计学院','674014','1664397420',1,NULL,1),(88,'谢梦嫣',NULL,2,'数学与统计学院','672707','2726155161',2,'17110021079',3),(89,'刘家欣',NULL,2,'数学与统计学院',NULL,'1462234467',2,'17110021010',3),(90,'王瑞',NULL,1,'物理与机电工程学院','662942','2373736890',2,'16101073001',1),(91,'曾嘉威',NULL,1,'政治与公共事务管理学院',NULL,'1969974531',2,'17107011080',1),(92,'廖芸艺',NULL,2,'英东食品科学与工程学院','675965','1301083882',2,'17129012024',4),(93,'郭晓纯',NULL,2,'数学与统计学院','672737','1578281709',1,'17110021026',3),(94,'胡燕文',NULL,2,'数学与统计学院','674070','209195260',1,'17110021025',3),(95,'冼志斌',NULL,1,'物理与机电工程学院',NULL,'616768078',2,'17101101014',1),(96,'朱子龙',NULL,1,'化学与环境工程学院',NULL,'1803167898',1,'17104032012',1),(97,'林晓青',NULL,2,'数学与统计学院','674069','1449272360',2,'17110021027',3),(98,'陈可怡',NULL,2,'教育学院','671009','707041121',2,'17114091042',2),(99,'黄淑贤',NULL,2,'旅游与地理学院','675003','630002548',1,'17109021028',2),(100,'汪雨霞',NULL,2,'数学与统计学院','674067','2324692124',2,'17110041001',1),(101,'杨斯俊',NULL,1,'数学与统计学院',NULL,'837031857',2,'17110031023',4),(102,'李婉君',NULL,2,'政治与公共事务管理学院','674194','645384681',2,'17107032041',4),(103,'陈晓玲',NULL,2,'政治与公共事务管理学院','674216','1240683456',2,'17107032003',4),(104,'胡旭莹',NULL,2,'政治与公共事务管理学院','674215','1151896635',2,'17107031044',2),(105,'蔡金强',NULL,1,'英东农业科学与工程学院','671089','3178835247',1,'17102021013',2),(106,'欧子宜',NULL,2,'政治与公共事务管理学院',NULL,'1326468095',2,'17107032021',2),(107,'冯玉珍',NULL,2,'文学院','669014','1273033944',2,'17105012007',4),(108,'龙晓漩',NULL,2,'文学院',NULL,'1328557522',2,'17105012049',4),(109,'李月权',NULL,1,'物理与机电工程学院',NULL,'1098716811',1,'17101071041',1),(110,'黄家鸿',NULL,1,'物理与机电工程学院',NULL,'2448837560',1,'17101071005',1),(111,'吴磊',NULL,1,'物理与机电工程学院',NULL,'596717584',2,'17101071022',1),(112,'李俊豪',NULL,1,'物理与机电工程学院','671029','357256835',2,'17101072005',3),(113,'李日桦',NULL,1,'物理与机电工程学院','663283','837765028',1,'17101101042',1),(114,'赖怡雯',NULL,2,'物理与机电工程学院','674669','920121764',1,'17101071021',2),(115,'欧烨标',NULL,1,'物理与机电工程学院','671058','1083110985',1,'17101072031',1),(116,'蒋冠万',NULL,1,'物理与机电工程学院','675408','2632490139',2,'17101071015',1),(117,'姚家欣',NULL,1,'物理与机电工程学院','671041','764666735',1,'17101072023',1),(118,'郭铭扬',NULL,1,'物理与机电工程学院','670769','3130213701',2,'17101023034',1),(119,'邓光远',NULL,1,'物理与机电工程学院','675495','953644541',2,'17101023042',1),(120,'苏英豪',NULL,1,'物理与机电工程学院','674834','2425952608',2,'17101023032',3),(121,'郑雯',NULL,2,'数学与统计学院','693879','525908657',1,'17110021032',3),(122,'江启明',NULL,1,'物理与机电工程学院',NULL,'1442726879',1,'17101041012',2),(123,'黄泽明',NULL,1,'物理与机电工程学院',NULL,'2577830967',1,'17101041010',2),(124,'吴钰萍',NULL,2,'英东农业科学与工程学院','670285','1425775730',2,'17102011039',4),(125,'冼焯光',NULL,1,'物理与机电工程学院',NULL,'1046944804',2,'17101071002',3),(126,'林宝龙',NULL,1,'物理与机电工程学院','614604','425751618',2,'16101073050',3),(127,'罗梓涛',NULL,1,'物理与机电工程学院','674721','2868127005',2,'17101071004',1),(128,'杜婷',NULL,2,'化学与环境工程学院','672068','1550608348',2,'17104011029',4),(129,'李培明',NULL,1,'物理与机电工程学院','671133','1150643446',2,'17101071048',1),(130,'张银珊',NULL,2,'教育学院','674780','2572775446',2,'17114091067',4),(131,'谭志丽',NULL,2,'英东食品科学与工程学院','670464','2075396964',2,'17129013029',4),(132,'聂红兵',NULL,1,'物理与机电工程学院','49074','2030249091',2,'17101023049',1),(133,'蒋翠儒',NULL,2,'化学与环境工程学院','662962','760318724',2,'17104011015',4),(134,'何希彦',NULL,2,'信息科学与工程学院',NULL,'1581678327',2,'17115021028',2),(135,'刘春阳',NULL,1,'物理与机电工程学院',NULL,'543246969',2,'17101091009',3),(136,'梁栋平',NULL,1,'物理与机电工程学院','670867','1252125071',2,'17101023044',1),(137,'冯金娣',NULL,2,'英东食品科学与工程学院','670924','1971226895',2,'17129012009',4),(138,'方子荣',NULL,1,'物理与机电工程学院','670987','1719797089',2,'17101024026',2),(139,'江福',NULL,1,'物理与机电工程学院','676133','997407575',2,'17101102025',1),(140,'曾思瑜',NULL,2,'英东食品科学与工程学院','977715','2469128902',2,'17129011022',1),(141,'郑铭智',NULL,1,'物理与机电工程学院','670832','506769292',2,'17101021011',1),(142,'叶妙欣',NULL,2,'物理与机电工程学院','671593','384978123',1,'17101071007',1),(143,'林淑银',NULL,2,'物理与机电工程学院','619230','542146856',2,'17101091048',3),(144,'韩嘉韵',NULL,2,'数学与统计学院','666781','1241090796',2,'17110041026',2),(145,'林源鑫',NULL,1,'物理与机电工程学院','682843','1103453042',2,'16101081057',2),(146,'罗欣怡',NULL,2,'数学与统计学院','683369','870757240',2,'17110021039',1),(147,'萧泽健',NULL,1,'物理与机电工程学院',NULL,'1771097587',2,'17101023003',1),(148,'陈思思',NULL,2,'经济管理学院','636821','1782831192',2,'17103032042',3),(149,'赖燚',NULL,1,'物理与机电工程学院','639383','517234140',2,'17101071019',1),(150,'余嘉鑫',NULL,1,'物理与机电工程学院','670812','896409274',2,'17101023050',1),(151,'黄紫梅',NULL,2,'数学与统计学院','672909','2228986440',2,'17110051004',4),(152,'林泽锴',NULL,1,'英东食品科学与工程学院','670703','798364886',2,'17129032021',1),(153,'郭伟鑫',NULL,1,'物理与机电工程学院','673480','921317881',2,'17101101021',4),(154,'曾文卓',NULL,2,'法学院','674247','3218321239',2,'17108011031',4),(155,'黄干凯',NULL,1,'物理与机电工程学院','671091','1909472570',2,'17101071017',1),(156,'王钰涛',NULL,1,'教育学院','674778','2537892522',2,'17114091065',3),(157,'陆升豪',NULL,1,'物理与机电工程学院','664668','1470411256',2,'17101071042',1),(158,'黄文超',NULL,1,'英东食品科学与工程学院','675968','1522357554',2,'17129032038',3),(159,'张丽芬',NULL,2,'土木工程学院','670984','2399531973',2,'17104062029',2),(160,'赖子茹',NULL,2,'经济管理学院',NULL,'610930834',2,'17103021053',2),(161,'梁智明',NULL,1,'物理与机电工程学院','671062','1825846332',2,'17101071032',1),(162,'许吴凌',NULL,2,'政治与公共事务管理学院','674175','961069295',2,'17107032032',2),(163,'郑金瑶',NULL,2,'经济管理学院','636138','1158897137',2,'17203081023',2),(164,'刘雅静',NULL,2,'英东食品科学与工程学院','610517','351034622',1,'17129022019',4),(165,'陈小欢',NULL,2,'政治与公共事务管理学院','674322','2259021254',2,'17107032001',4),(166,'李金烨',NULL,2,'政治与公共事务管理学院','674167','850691312',2,'17107032029',3),(167,'曾锦乐',NULL,1,'教育学院','674756','786272907',2,'17114091045',4),(168,'林晓惠',NULL,2,'英东食品科学与工程学院','670505','1772680280',2,'17129011002',4),(169,'莫金萍',NULL,2,'物理与机电工程学院',NULL,'2507125082',2,'17101091013',1),(170,'郭钰霞',NULL,2,'教育学院','678780','1210424096',2,'17114091004',2),(171,'蔡利静',NULL,2,'教育学院','661334','865660965',2,'17114091005',2),(172,'林洁涵',NULL,2,'数学与统计学院','672688','1810271027',2,'17110021063',3),(173,'余梦夏',NULL,2,'英东食品科学与工程学院','670483','877553857',2,'17129013007',4),(174,'柳琳琳',NULL,2,'外语学院','677120','1966818239',1,'17106051022',4),(175,'林妍',NULL,2,'物理与机电工程学院',NULL,'1972988968',1,'17101072046',4),(176,'李乐怡',NULL,2,'数学与统计学院','674053','916677271',2,'17110021023',3),(177,'张慧媚',NULL,2,'数学与统计学院','672673','691275485',2,'17110021050',3),(204,'罗艳',NULL,2,'文学院','661051','1738726946',2,NULL,4),(179,'方健炜',NULL,1,'信息科学与工程学院','677477','373481766',2,'16115071054',1),(180,'苏冠华',NULL,1,'信息科学与工程学院','662795','2248474660',2,'16115071006',3),(181,'张泽',NULL,1,'信息科学与工程学院','673548','934561296',2,'17115062024',3),(182,'苏颖康',NULL,1,'信息科学与工程学院',NULL,'1391882712',2,'17115062050',1),(183,'吴永超',NULL,1,'信息科学与工程学院',NULL,'893666296',2,'17115062021',3),(184,'潘柏宇',NULL,1,'信息科学与工程学院','671682','814737896',2,'17115062010',3),(185,'麦燕清',NULL,1,'物理与机电工程学院',NULL,'1940931605',2,'17101042018',1),(186,'陈秋育',NULL,1,'信息科学与工程学院',NULL,'1906939484',2,'17115021013',1),(187,'黄玲丽',NULL,2,'数学与统计学院','672709','2625656619',2,'17110021081',3),(188,'陈杰',NULL,1,'信息科学与工程学院',NULL,'1536128609',2,'17115071037',3),(189,'吴泳霖',NULL,2,'旅游与地理学院','675041','1353339429',2,'17109022005',1),(190,'彭炜',NULL,2,'旅游与地理学院','678858',NULL,1,'17109021019',1),(191,'苏毓洲',NULL,1,'信息科学与工程学院',NULL,'1404031711',2,'17115073059',1),(192,'陆世明',NULL,1,'信息科学与工程学院','671806','164180255',2,'17115021035',3),(193,'蔡晓洁',NULL,1,'信息科学与工程学院',NULL,'1300416188',1,NULL,1),(194,'王锐楷',NULL,1,'信息科学与工程学院','671456','592574711',1,'17115031024',2),(195,'李梓欣',NULL,2,'土木工程学院','639864','2467673987',1,'17104051050',1),(196,'陈春梅',NULL,2,'信息科学与工程学院','671518','2581590889',2,'17115031001',3),(197,'黄祖威',NULL,1,'信息科学与工程学院','671506','690696047',2,'17115032002',1),(198,'罗豪明',NULL,1,'信息科学与工程学院','671434','1060748574',2,'17115032015',1),(199,'郑乔锋',NULL,1,'信息科学与工程学院','674335','2291282646',1,'17115032047',1),(200,'郑琦琦',NULL,2,'教育学院','674724','2316984131',2,'17114091014',4),(201,'陈浩南',NULL,1,'物理与机电工程学院',NULL,'506463961',2,'17101101026',1),(202,'何梓阳',NULL,1,'数学与统计学院',NULL,'1367318491',2,'17110031031',3),(203,'麦荣杰',NULL,1,'英东食品科学与工程学院',NULL,'664350771',2,'17129013024',2),(205,'谢慧倩',NULL,2,'政治与公共事务管理学院','674227','1096392102',2,'17107031007',4),(206,'汤敬聪',NULL,1,'化学与环境工程学院','694133','846052962',2,'17104012029',1),(207,'刘鹏',NULL,1,'信息科学与工程学院','674295','1390700619',2,'17115062047',3),(208,'郭奕阳',NULL,1,'信息科学与工程学院',NULL,NULL,2,'17115062037',3),(209,'郑弘湛',NULL,1,'信息科学与工程学院','682244','1927666233',2,'16115072042',3),(210,'邓文峭',NULL,1,'信息科学与工程学院','671670','945992077',2,'17115062040',3),(211,'陈涌锦',NULL,1,'信息科学与工程学院',NULL,'1969788090',2,'17115061029',3),(212,'庄晓卿',NULL,2,'政治与公共事务管理学院','674214','582695677',2,'17107032044',1),(213,'林泽斌',NULL,1,'土木工程学院',NULL,'749814839',2,'17104063002',2),(214,'温金梅',NULL,2,'英东食品科学与工程学院','672158','2023781757',2,'17129013030',3),(215,'涂丽英',NULL,1,'英东生命科学学院','684466','949257506',1,NULL,4),(216,'李晓诚',NULL,1,'物理与机电工程学院','671265','1084952668',2,'17101102020',1),(217,'马冬嫦',NULL,2,'教育学院','679707','3326730738',2,'17114091079',2),(218,'伍次铭',NULL,1,'物理与机电工程学院','676136','1595672837',2,'17101042023',4),(332,'李洁颖',NULL,2,'数学与统计学院',NULL,NULL,2,'17110021064',3),(221,'陈伶俐',NULL,2,'化学与环境工程学院',NULL,'1229753623',2,'17104012034',2),(222,'程晖',NULL,1,'旅游与地理学院','669475','1147939031',2,'16109061011',1),(223,'朱伟龙',NULL,1,'数学与统计学院',NULL,'939445399',2,'17110031011',3),(224,'翁青青',NULL,2,'教育学院',NULL,'847554362',2,'17114091028',1),(225,'林观麒',NULL,1,'信息科学与工程学院',NULL,'1129673383',2,'16115072045',1),(226,'欧丽娟',NULL,2,'政治与公共事务管理学院',NULL,'1345942525',2,'17107032036',1),(227,'郑锋',NULL,1,'数学与统计学院',NULL,'1149290863',2,'17110031039',1),(228,'姚乐怡',NULL,2,'教育学院',NULL,'936710808',2,'17114091060',2),(229,'李明景',NULL,1,'信息科学与工程学院','671155','1271165028',2,'17115061047',1),(230,'高卓茹',NULL,2,'教育学院','674701','965318195',2,'17114091071',1),(231,'覃思雄',NULL,2,'英东生命科学学院','674643','1932109483',2,'17118041061',4),(232,'陈琪',NULL,2,'政治与公共事务管理学院','674112','1305478318',2,'17107011021',3),(233,'陈汝炜',NULL,2,'化学与环境工程学院',NULL,'2386801654',2,'17104031024',2),(234,'植形形',NULL,2,'数学与统计学院',NULL,'260864219',2,'17110041004',2),(235,'王浠茹',NULL,2,'英东农业科学与工程学院','670240','297901679',2,'17102031004',2),(236,'曾淑花',NULL,2,'政治与公共事务管理学院',NULL,'2225242930',2,'17107011023',4),(237,'陈晓婷',NULL,2,'英东食品科学与工程学院','670508','786548823',2,'17129012001',4),(238,'刘永康',NULL,1,'物理与机电工程学院','679173','2707545075',1,'17101071038',1),(239,'张秋婉',NULL,2,'信息科学与工程学院',NULL,'1832662174',2,'17115021037',2),(240,'陈艳云',NULL,2,'信息科学与工程学院',NULL,'1549346129',2,'17115021043',1),(241,'黄舒婷',NULL,2,'数学与统计学院','674571','1114745165',2,'17110051023',3),(242,'王晓曼',NULL,2,'数学与统计学院','672889','1403055012',2,'17110051040',4),(243,'杨梓烁',NULL,1,'信息科学与工程学院',NULL,'1007088031',2,'17115062026',3),(244,'林锐涛',NULL,1,'数学与统计学院','672890','1582699654',2,'17110051041',3),(245,'黄锦乐',NULL,1,'物理与机电工程学院',NULL,'1605850475',2,'17101023059',1),(246,'蔡炎琼',NULL,1,'物理与机电工程学院',NULL,NULL,2,'17101024005',4),(247,'古翠蓉',NULL,2,'英东食品科学与工程学院','672113','2483665252',2,'17129012006',4),(248,'彭彦彬',NULL,1,'信息科学与工程学院','671508','593755659',2,'17115032042',1),(249,'盘柏岐',NULL,1,'物理与机电工程学院','670898','1979221851',2,'17101021008',1),(250,'张逸思',NULL,2,'教育学院','672700','839397941',2,'17114091070',2),(251,'周顺谊',NULL,2,'英东食品科学与工程学院','672132','13022056602',2,'17129013015',2),(252,'方家成',NULL,1,'信息科学与工程学院',NULL,'914306307',2,'17115031037',3),(253,'李杰',NULL,1,'信息科学与工程学院',NULL,'769465987',2,'17215051040',3),(254,'陈锴霖',NULL,1,'物理与机电工程学院','662113','390329720',2,'16101072040',1),(255,'曾容蓉',NULL,2,'经济管理学院','616185','1923159316',2,'16103031077',3),(256,'陈法霖',NULL,1,'信息科学与工程学院',NULL,'332642310',2,'17115071049',3),(334,'王佩珊',NULL,2,'物理与机电工程学院','678519','593048300',2,'17101091057',2),(258,'叶澄亮',NULL,1,'信息科学与工程学院',NULL,'729010115',2,'17115071011',3),(259,'黄乙聪',NULL,1,'信息科学与工程学院','672945',NULL,2,'16115061011',3),(260,'陈聪贤',NULL,1,'信息科学与工程学院',NULL,'2184996488',2,'17115071048',1),(261,'王蕴健',NULL,1,'信息科学与工程学院','670369','1849085272',2,'17115071056',1),(262,'周碧莹',NULL,2,'政治与公共事务管理学院','672998','1298679682',2,'17107032013',4),(263,'李国镔',NULL,1,'土木工程学院','672553','1067397044',1,'17104063008',1),(264,'吴国煌',NULL,1,'物理与机电工程学院','670736','739406132',2,'17101091006',1),(265,'孟雪',NULL,2,'英东农业科学与工程学院','676028','1141799387',2,'17102031024',4),(266,'李孟芬',NULL,2,'政治与公共事务管理学院',NULL,NULL,2,'17107011048',4),(267,'赖琛绵',NULL,2,'外语学院','676929','2423058547',1,'17106013008',2),(268,'吴悦',NULL,2,'英东食品科学与工程学院','670438','1468137548',2,'17129012018',4),(269,'陈勇',NULL,1,'物理与机电工程学院','674914','314315859',2,'17101023013',1),(270,'邵秋月',NULL,2,'教育学院','674706','1434239022',2,'17114091076',1),(271,'李晓伟',NULL,1,'英东食品科学与工程学院','670429','1183350406',2,'17129011016',2),(272,'梁泳仪',NULL,2,'教育学院','674705','1042856535',2,'17114091075',2),(273,'王永丰',NULL,1,'信息科学与工程学院',NULL,'2468339827',2,'17115071001',3),(274,'张淋柏',NULL,1,'英东农业科学与工程学院',NULL,'1091024494',2,'17102101019',1),(275,'苏思燕',NULL,2,'文学院','665696','907251876',2,'16105041002',3),(276,'郑烽杰',NULL,1,'经济管理学院','636825','1792706170',2,'17103031010',4),(277,'关权辉',NULL,1,'物理与机电工程学院','671054','490474249',2,'17101071029',3),(278,'杜家惠',NULL,2,'文学院','673333','1611237690',2,'17105041022',4),(279,'张莹',NULL,2,'政治与公共事务管理学院',NULL,'1660449628',2,'17107031011',4),(280,'叶业成',NULL,1,'英东农业科学与工程学院',NULL,'648922982',2,'17102101053',3),(281,'林梓纯',NULL,2,'信息科学与工程学院',NULL,'1026991214',2,'17115031005',2),(282,'梁锦欣',NULL,2,'数学与统计学院','672873','799106454',2,'17110051031',3),(283,'姚晓敏',NULL,2,'信息科学与工程学院','676307','1040987213',2,'17115031012',3),(284,'黄雪婷',NULL,2,'数学与统计学院','672806','1316854038',2,'17110041031',3),(285,'邓雅丹',NULL,2,'数学与统计学院','669798','1731315067',2,'17110041007',2),(286,'何蕴泽',NULL,1,'物理与机电工程学院',NULL,'1315585950',2,'17101091035',1),(287,'王彩玉',NULL,2,'信息科学与工程学院','673700','1196087961',2,'17115021032',4),(288,'梁嘉威',NULL,1,'法学院','674355','995388668',2,'17108013041',2),(289,'李汉林',NULL,1,'教育学院','677281','1073641892',2,'17114091022',3),(347,'周悦',NULL,2,'经济管理学院',NULL,'979529890',1,'17203081018',4),(291,'叶文聪',NULL,1,'信息科学与工程学院','623451','22422720',2,'17115062038',3),(292,'陈思鸿',NULL,1,'信息科学与工程学院',NULL,'654996418',2,'17215051013',1),(293,'魏翠',NULL,2,'信息科学与工程学院','674339','1272679589',2,'17115021020',3),(294,'许沛松',NULL,1,'数学与统计学院','672753','575804133',2,'17110031025',1),(295,'徐巧莹',NULL,2,'经济管理学院',NULL,'1096430190',2,'17203081019',2),(296,'姚曼丽',NULL,2,'英东食品科学与工程学院','670437','3123182173',2,'17129013018',4),(297,'徐金烽',NULL,1,'信息科学与工程学院','682035','1340324168',2,'16115072006',3),(298,'肖文海',NULL,1,'土木工程学院','671128','1787668842',2,'17104051036',4),(299,'陈小曼',NULL,2,'信息科学与工程学院','642865','651208871',2,'16115072013',3),(300,'郑璇丽',NULL,2,'信息科学与工程学院','610805','1292632720',2,'17115021001',3),(301,'梁珊',NULL,2,'信息科学与工程学院','671819','1026948915',2,'17115021046',4),(302,'钟丽芬',NULL,2,'数学与统计学院',NULL,'631008759',2,'16110031004',3),(303,'符然壹',NULL,2,'信息科学与工程学院','674259','1525053329',2,'17115021007',1),(304,'李珊',NULL,2,'信息科学与工程学院',NULL,'1776307146',2,'17115021040',3),(305,'邱新娜',NULL,2,'信息科学与工程学院',NULL,'1678675922',2,'17115021047',3),(306,'唐钰荣',NULL,1,'信息科学与工程学院',NULL,'2463604327',2,'17215051016',1),(307,'徐浩源',NULL,1,'信息科学与工程学院','670719','1823605807',2,'17215051005',1),(308,'梁天香',NULL,2,'文学院',NULL,'1711848802',2,'17105041001',4),(309,'唐素君',NULL,2,'文学院',NULL,'2824503711',2,'17105041021',4),(310,'古安琪',NULL,2,'数学与统计学院','668938','849396659',2,'16110051048',3),(311,'方冠豪',NULL,1,'物理与机电工程学院',NULL,'597069529',2,'17101101012',4),(312,'黄国旺',NULL,1,'物电学院','666055','769170883',1,NULL,1),(313,'程施晴',NULL,2,'外语学院','653943',NULL,1,'16106013023',2),(314,'张高亮',NULL,1,'信息科学与工程学院','654742','1351019870',2,'16115072021',1),(315,'龚雀',NULL,1,'信息科学与工程学院','672850','2634149526',2,'16115072047',1),(316,'蔡晓玲',NULL,2,'教育学院',NULL,'2695689632',2,'17114091027',1),(317,'李庆婷',NULL,2,'法学院',NULL,'1801939554',2,'17108014037',1),(318,'余佳琳',NULL,2,'物理与机电工程学院','674695','2655425317',2,'17101091019',2),(319,'陈淑炜',NULL,2,'教育学院',NULL,'1120153772',2,'17114091050',2),(320,'林苑婷',NULL,2,'教育学院','674720','1656827253',2,'17114091010',2),(321,'许材炜',NULL,1,'物理与机电工程学院','671130','2877680863',1,'17101024009',2),(322,'陈婷婷',NULL,2,'经济管理学院',NULL,'823793803',2,'17203081008',2),(323,'杨雨菡',NULL,2,'经济管理学院',NULL,'1429096175',2,'17203081047',4),(324,'林思桦',NULL,2,'信息科学与工程学院','671679','1535146548',2,'17115061009',3),(325,'易宇微',NULL,2,'信息科学与工程学院',NULL,'1336213915',2,'17115061016',3),(326,'缪捷煌',NULL,1,'信息科学与工程学院','677767','852172301',2,'17115061002',3),(327,'张浩',NULL,1,'信息科学与工程学院','671653','905646794',2,'17115061032',1),(328,'莫梯婷',NULL,2,'文学院','666170','415899790',2,'17105032023',3),(329,'叶晓彤',NULL,2,'旅游与地理学院',NULL,'1394432949',2,'17109021051',4),(330,'刘振沛',NULL,1,'旅游与地理学院','675044','1944135200',1,'17109021006',4),(331,'吴洁玲',NULL,2,'旅游与地理学院','659856','NaN',2,'16109041030',2),(335,'罗晨曦',NULL,2,'旅游与地理学院','669507','1225731341',2,'16109041029',2),(336,'洪德良',NULL,1,'信息科学与工程学院',NULL,'1392415748',2,'17115072046',1),(337,'庄炎松',NULL,1,'物理与机电工程学院','670999','1377420280',2,'17101024029',1),(338,'陈明惠',NULL,2,'经济管理学院','666168','1059691387',2,'17103032022',2),(339,'许浩星',NULL,1,'信息科学与工程学院',NULL,'1174988219',2,'17115072010',1),(340,'贺睿标',NULL,1,'信息科学与工程学院',NULL,'1728143639',2,'17115072015',2),(341,'张锦锋',NULL,1,'物电学院','671334','1776817840',1,NULL,3),(342,'张锦锋',NULL,1,'物电学院','671334','1776817840',1,NULL,3),(343,'罗文康',NULL,1,'物理与机电工程学院','674827','841282873',2,'17101024051',1),(344,'赖春顺',NULL,1,'物理与机电工程学院','675233','1198339132',2,'17101091032',4),(345,'陈家欣',NULL,1,'信息科学与工程学院','671799','565444295',1,NULL,1),(346,'蚁少媚',NULL,1,'信息科学与工程学院','671779','1035750673',1,NULL,1),(348,'刘广丰',NULL,1,'信息科学与工程学院','671790','912034094',1,'17115021014',4),(349,'刘广丰',NULL,1,'信息科学与工程学院','671790','912034094',1,'17115021014',4),(350,'梁巧敏',NULL,2,'信息科学与工程学院',NULL,'1464181436',1,'17115061031',3),(351,'左贝妮',NULL,2,'英东农业科学与工程学院','671581','493396522',1,'17102011022',1),(352,'廖引娣',NULL,2,'英东食品科学与工程学院',NULL,NULL,2,'17129013009',4),(353,'周慧娟',NULL,2,'数学与统计学院','674520',NULL,1,'17110041009',3),(354,'蔡珊珊',NULL,2,'政治与公共事务管理学院','674168','947506279',1,'17107021043',3);
/*!40000 ALTER TABLE `user_infos` ENABLE KEYS */;
UNLOCK TABLES;

--
-- Table structure for table `users`
--

DROP TABLE IF EXISTS `users`;
/*!40101 SET @saved_cs_client     = @@character_set_client */;
/*!40101 SET character_set_client = utf8 */;
CREATE TABLE `users` (
  `id` int(11) NOT NULL AUTO_INCREMENT,
  `email` varchar(50) NOT NULL,
  `phone` varchar(15) DEFAULT NULL,
  `password` varchar(64) NOT NULL,
  `salt` varchar(32) DEFAULT NULL,
  `token` varchar(32) DEFAULT NULL,
  `gid` int(11) NOT NULL DEFAULT '1',
  `wechat_openid` varchar(128) DEFAULT NULL,
  `created_at` datetime DEFAULT NULL,
  `updated_at` datetime DEFAULT NULL,
  `status` tinyint(3) NOT NULL DEFAULT '0',
  PRIMARY KEY (`id`),
  KEY `gid` (`gid`)
) ENGINE=MyISAM AUTO_INCREMENT=355 DEFAULT CHARSET=utf8;
/*!40101 SET character_set_client = @saved_cs_client */;

--
-- Dumping data for table `users`
--

LOCK TABLES `users` WRITE;
/*!40000 ALTER TABLE `users` DISABLE KEYS */;
INSERT INTO `users` VALUES (28,'1967471283@qq.com','18819774882','3f7d58ffb1837fc100b321cd552b19dd','aG2TzFUApd6GUhaR1VD5m0knB9ccw7Z1',NULL,1,'o99WF1uB8P_vrAVozW1hB8yB6fT8','2017-09-18 11:12:50','2017-09-18 11:12:50',0),(16,'944163141@qq.com','13435119764','aed57b6fe050ef042dd03129d8bc9a37','GiKPebwwmyoSZeZe72CsIZJKepLr8EHZ',NULL,1,NULL,'2017-09-18 00:05:39','2017-09-18 00:05:39',0),(15,'303029505@qq.com','13719716785','9d2744836f2a574036bdd91631841916','wiA3n9UbTkHDeIeZuA4xu13wQhXBSirJ',NULL,1,NULL,'2017-09-17 23:53:52','2017-09-17 23:53:52',0),(14,'1025039287@qq.com','17612062388','432e525a0a497b6059f237e390adc076','MuvGwH4O92TSR1I2meFUe3ucw3smimjX',NULL,1,NULL,'2017-09-17 23:48:21','2017-09-17 23:48:21',0),(13,'1872947817@qq.com','13049274818','aea387650e21c116dc9e8f04c0bd9eb2','ccPBR3vpYAS4OeypIRfZyETvYBAsM2eB',NULL,1,NULL,'2017-09-17 23:43:50','2017-09-17 23:43:50',0),(12,'d1422793271@163.com','15015063417','e38761eea7087143e558a439c4efc44b','thAEH9FGuMz6q5kBDIw0HKyp7nV5amnC',NULL,1,NULL,'2017-09-17 23:39:18','2017-09-17 23:39:18',0),(26,'1721147258@qq.com','13415635769','00b23b2c1fdfd21b8f9e04038504360e','lLp6PRV79VAwn16eExAMhiEsZxvFxRQd',NULL,1,'o99WF1gfC_wjOzDeemHHgLNncS14','2017-09-18 09:46:14','2017-09-18 09:46:14',0),(27,'204472862@qq.com','13415637650','9cf13e6053c3acbef6f4cd6482ecb42c','un8KA89k6kLEwUQsEAcmKti1sEBZE3Hx',NULL,1,'o99WF1sUOtI_ERYAw_jUqBRAdSoA','2017-09-18 09:48:20','2017-09-18 09:48:20',0),(21,'740004078@qq.com','13411136742','4ac93fd4a08b3912334d7f4e6a3e153e','EY5ZCLqAxWxDmuzxwczxWB4fjsngLE5w',NULL,1,NULL,'2017-09-18 01:31:09','2017-09-18 01:31:09',0),(22,'1422152595@qq.com','13415637671','bff0c09050d8aa0f48f1c31cc69fbc0c','D50HqScIU3LjxMDUsEpY215wlukM5WsK',NULL,1,NULL,'2017-09-18 07:43:34','2017-09-18 07:43:34',0),(23,'3477527354@qq.com','17363454498','c39e2358d31c973585bfe8fe79d380f1','1Jd1LX8dHGWRovN9BMg5WziGRSLJdCy0',NULL,1,NULL,'2017-09-18 07:57:40','2017-09-18 07:57:40',0),(30,'975824203@qq.com','18819783077','4bfb2d8753866952ca97a55bd67f321e','ZLoJpAPqcZp08CfnS3j0Onop4ZUO9wEE',NULL,1,'o99WF1kX1u3tQ96HU1f7rQt0OAzk','2017-09-18 12:21:47','2017-09-18 12:21:47',0),(29,'1596715459@qq.com','18819775984','eaae0ceaeb59acd9a1dc8c87aa8204e9','1KBaJVGHHHDb1d3T0YHcwsgcqbcQAgLV',NULL,1,'o99WF1l9RUE-UGhIiJBFBJ6WTZLw','2017-09-18 12:15:35','2017-09-18 12:15:35',0),(31,'2623955813@qq.com','18307514416','5fa666daf8a140c5e741219895fccc12','xzkUrbv73hKuAdXLQEGcGxlcf5uYOfKt',NULL,1,'o99WF1hjmBf76sNbvq-nsEfLG764','2017-09-18 12:23:37','2017-09-18 12:23:37',0),(32,'1922790870@qq.com','18307517407','f57a4d741a5b74439cc9282a443d0327','BwajzO3RqkOKHHUO9yMRr7EUn3Tnx8Kr',NULL,1,'o99WF1up5yTvYYstxXkpkqC2G7Uw','2017-09-18 12:31:33','2017-09-18 12:31:33',0),(33,'773981398@qq.com','18818309540','1c4649fb2b5e595a8f1adbd6b0f568a0','RPRLZErx2tDd2m3LX6CyBWZF3QoAtfUr',NULL,1,'o99WF1scTq0UnrHgOfaIDel-3_as','2017-09-18 12:34:34','2017-09-18 12:34:34',0),(34,'953780128@qq.com','18307512438','c4a16ce96107e10f6d9e87b0b0e80623','RNf4aakFUBZMjf2DCZ4znJQsNpo3qRFQ',NULL,1,'o99WF1uWOoBWrX897IR_aMdEXMEU','2017-09-18 12:38:03','2017-09-18 12:38:03',0),(35,'2570853882@qq.com','18826342877','b44025576a179156cb808e81e88d50f8','uRN75zUmtiZy4dEIAe7XOahlj5cDacW3',NULL,1,'o99WF1rpHp0ZHGauailAclS7fojA','2017-09-18 12:40:38','2017-09-18 12:40:38',0),(36,'954033032@qq.com','13415649029','dde4aae0efb93b78997adf02485c7496','b1m9LYT8bA04Uz0DN4gTACxWOTjoeq60',NULL,1,'o99WF1kCojsMxEsX16bSXJQ3gg94','2017-09-18 12:45:13','2017-09-18 12:45:13',0),(37,'1950373891@qq.com','18307512983','fd09f8ff4fa425b6abc7b926f7891dda','YfBlgQtY8ShsKCkEcsAiz6UnA2ooFCWJ',NULL,1,'o99WF1luqDQNfx7PVwMf2PzZ2gcA','2017-09-18 12:46:40','2017-09-18 12:46:40',0),(38,'947758023@qq.com','13420571781','f6bb41d6a6c68c7ad26b2767bd6462ef','iQzXu626yUnvjHCJ9r8aMkNwEIfMMaTT',NULL,1,'o99WF1vfasF8RtmNpvN9Js-R6l5k','2017-09-18 15:45:16','2017-09-18 15:45:16',0),(39,'2649121031@qq.com','13415636021','9294fc6fde7b50b5f834d70e241f25eb','bSoeM4Kq7vxJeBJYnciK2y5CDrKUE3T5',NULL,1,'o99WF1pAvR9Xq3aWVBc_jxbS8lh8','2017-09-18 16:22:55','2017-09-18 16:22:55',0),(40,'1456269835@qq.com','13542276874','a635ebedd191cad64d8a3103a3ee8796','pTv4GDrir9NaabQxCU2Vt0KliPhxQYT3',NULL,1,'o99WF1kfLKBxNN8YNI1_yPWtETYE','2017-09-18 17:07:22','2017-09-18 17:07:22',0),(41,'1845842262@qq.com','18819782812','aa6fa9043d6f7d7d6d1f181145560473','Lojq7ALrqFfQgmg3su6A9jnwZYvj6LGc',NULL,1,'o99WF1rfqIznbMFHF--fYYC-uBn0','2017-09-18 18:10:29','2017-09-18 18:10:29',0),(42,'1061794349@qq.com','18819798922','af911558fb7f1657f42e7f5e366b830b','qaaa2CuK8ehJyI1zkTJqAhlkxvDRFtbx',NULL,1,'o99WF1oo1g1oaA6-VFzNDnsGkSLE','2017-09-18 18:12:59','2017-09-18 18:12:59',0),(43,'506914262@qq.com','18818300566','0e6fe939079983852dc97c657b7ef8df','tFhipE6bi9VY9ogJqEJJnf1T6GES32Fv',NULL,1,'o99WF1osSFqsTdydqZeKc3VBsWtE','2017-09-18 18:13:15','2017-09-18 18:13:15',0),(44,'1157123032@qq.com','13828461254','ec5f4c0f37795c3300234bcd743f23fc','BIkCyGVXQQfHKAu70hWhOSlv8XtIzQKd',NULL,1,'o99WF1qAuk-Wmtu5oBsQfBzQtZh8','2017-09-18 18:21:22','2017-09-18 18:21:22',0),(45,'1365546990@qq.com','18307512241','da6f60512f72b4330608e11335326a1d','0DqAUkcJuRZfazR8x8zaE8SMUud2joTt',NULL,1,'o99WF1i5PTUvFbGoKlvBtxWh7vDs','2017-09-18 18:26:05','2017-09-18 18:26:05',0),(46,'867959@qq.com','18819773027','c1dccb6dddd31e3c615616814f207177','T1MvtBBcSheW7pHZKziO2TtbdbMFidZu',NULL,1,'o99WF1i1-Y8ExwUMNideqPvsxNoo','2017-09-18 18:31:01','2017-09-18 18:31:01',0),(47,'2565965193@qq.com','18307511240','dcf7975bee6ba4dd40a1871f0ac07065','TBhgVV6dW28r0LB43xOuLj7hgfEsIjzl',NULL,1,'o99WF1gI0ZOysvcVrZVLmP1YyBMI','2017-09-18 18:31:12','2017-09-18 18:31:12',0),(336,'1392415748@qq.com','13232734042','ecc26a73cb99180683d6b86df3a4b05e','M4G1p711Ul5fCPfA5UlrOJUuA0fEL8hI',NULL,1,'o99WF1hh3PfPNdL0fEqcIeraoD8k','2017-09-24 18:54:01','2017-09-24 18:54:01',0),(49,'1694271858@qq.com','13539714463','912394de3476cf493c872c44eec1efca','laBBaatjkIARkBQNslDj2JESkBt22j5o',NULL,1,'o99WF1rVnRt1pdEi44CttU0sR2NI','2017-09-18 18:32:01','2017-09-18 18:32:01',0),(50,'www.qq@1420283844.com','18818309580','c8d31b14b884b20ea74e487da66d7ccf','n0Kg3WdFlcLSpX2HTH9pxG1NVoyNzNyg',NULL,1,'o99WF1hKUQoUuTF7WkPJ9i80ugKc','2017-09-18 18:43:50','2017-09-18 18:43:50',0),(51,'605420712@qq.com','18819773845','57930dec87ff3f23e466d8b46abbe912','FxuLxQCkXDclNqPoIP3CDUbnQKSPdRbQ',NULL,1,'o99WF1v6pba3ZBDjyb49Cvktqlfo','2017-09-18 18:53:21','2017-09-18 18:53:21',0),(52,'907265807@qq.com','18307512927','a8e65a178a4ed0ad7318c49d7d273837','ZkC2X6sT7SjomEO2tU2PxWA64Od829ln',NULL,1,'o99WF1pYO0WjLo923iJ3tKaEFXHg','2017-09-18 18:55:19','2017-09-18 18:55:19',0),(53,'2060808858@qq.com','18818300320','1c53c0c3ecd888f3a8c940c3ca2bc6d8','2InnYAg2VB3eNeXW8wKe034uIOiizDpz',NULL,1,'o99WF1u3UVRbPrWYAciXMRKNgshM','2017-09-18 22:07:17','2017-09-18 22:07:17',0),(54,'1271065093@qq.com','15113438131','fe3adb565134e9fa482a4e9f8676af18','SAtPRQhvVE1wHYYSyad4zcMH1OfXvVoE',NULL,1,'o99WF1oWHiJ376uy4XpTP4gj5C7w','2017-09-18 22:13:40','2017-09-18 22:13:40',0),(55,'979946744@qq.com','18819773681','a15be4234807b128f81ec2c5fd0122c3','aaaCYGgWukF7h3ly97PL2utYBx0ZEgHK',NULL,1,'o99WF1uB0N1_yXhbhioxSe-Zj9e4','2017-09-18 22:18:42','2017-09-18 22:18:42',0),(56,'1468169244@qq.com','18307512707','34de4fe62bf430a0eb9e53424b61ee6e','P2PxCPXHWfn8r7ZD9xt0FtPBIxwfe8Sh',NULL,1,'o99WF1iyWlIGkEgCYFZ00m7ompDY','2017-09-18 22:24:33','2017-09-18 22:24:33',0),(57,'474421820@qq.com','13692979476','39373c3854447adce690dc6965a8f654','jDCd3m43gDZpBN12tVohYJm6WlAPwfYM',NULL,1,'o99WF1gn2DJ9pW1ttmUHbE2N30oc','2017-09-18 22:30:08','2017-09-18 22:30:08',0),(58,'1366451862@qq.com','18819776291','eae4b665b4d1cf79545f838bc508a182','GLh5jsD5AON41Cy7l9oLNMWVajJbipIn',NULL,1,'o99WF1h66OHpJtp8NsPQZkOxCBic','2017-09-18 22:34:06','2017-09-18 22:34:06',0),(59,'1696740920@qq.com','18819774572','d0e69c5171860c7420d8079e5f661939','Wof8uX673rfBiDLcf8Nrsa8W1hvaGBPf',NULL,1,'o99WF1m5pmrbCgX5pHChS1I-bwyQ','2017-09-18 22:45:51','2017-09-18 22:45:51',0),(60,'978482182@qq.com','18819782970','9e7f9e0768fb3d537d00163ad5ab0c4d','ULub5p9SF9etqEvywkI94zWDKlpxgpw4',NULL,1,'o99WF1mmZCiMDgUvj--bHc5EVu_s','2017-09-18 22:50:31','2017-09-18 22:50:31',0),(61,'1191346178@qq.com','18819774864','fbfb108eafbd5069bddb7423a1092e34','YlcPeSrhCxf6XY20Uwpis704XPUCGsiJ',NULL,1,'o99WF1tuBmr1kIakch3el3J_QvwA','2017-09-18 23:13:49','2017-09-18 23:13:49',0),(62,'772963699@qq.com','18819776296','6312da95d9b393dfe28b732b43e4c8b3','iTiX04Qi3ajljhennFL0NeYn8ce7yWAf',NULL,1,'o99WF1qLCX4CFpzYRQX8i0UCZyZc','2017-09-19 00:12:22','2017-09-19 00:12:22',0),(63,'549521435@qq.com','13542283188','c11446747fdfcc459be24953c78aa4cf','oKOVsANAcPJbTlj9R3k3Wit3JMFjlQay',NULL,1,'o99WF1pFPcmrb3tFbEA3e4eLTeG4','2017-09-19 10:01:42','2017-09-19 10:01:42',0),(64,'www.928333401@qq.com','18819773237','aa20c445162df192c6345786a8625c09','5PwhG6czXQtf2jEiu8zaagiWSeh9R9Gn',NULL,1,'o99WF1of4cNMyVHTP76ZlU7R8mTY','2017-09-19 12:13:36','2017-09-19 12:13:36',0),(65,'1098436954@qq.com','18819776134','5de244bb08df59bdbc95c1cb740ddb85','WjZ7IqGSTIgTazueM5GqF2PUj7VbyXjS',NULL,1,'o99WF1q7em6tegk5Krwc7yuzJSMA','2017-09-19 12:15:19','2017-09-19 12:15:19',0),(66,'962575885@qq.com','13435135486','18da1ff7e572abb1fddd1fca84a29d25','4xwt6S4zbJmLQzxzJg1tgtZfyEMTfd8G',NULL,1,'o99WF1nDTYOm-glV5D1IKaatbivc','2017-09-19 12:18:00','2017-09-19 12:18:00',0),(67,'1657947736@qq.com','15119171534','ba6d2c44e01188e231e747243614ddc7','WADaqH8CcYshodFlJRXh9DxzJA4Lz5dX',NULL,1,'o99WF1vxt5QjFnkWlehXBvSt_9ac','2017-09-19 12:34:00','2017-09-19 12:34:00',0),(68,'15019318292@wo.cn','18819783246','21d10a98f519642c177170501603923a','K0jYSOu0zVT7YmTDKOvkXkZZEgY6ereu',NULL,1,'o99WF1tPjx8gyUuU23OGRnc3mFUI','2017-09-19 13:03:48','2017-09-19 13:03:48',0),(69,'cxc99510@163.com','18307515681','9e9ec5f39de879a15f03ed498046d061','WwlpjDbSFm02SqXz0dSc31ozaGRzIFiT',NULL,1,'o99WF1tNL3RyfSet-WWv_Pu-xVLY','2017-09-19 13:04:28','2017-09-19 13:04:28',0),(70,'1957570541@qq.com','18307518052','13bc0ab6487271d190d509fa5bd05d2e','HarnhNaP2Kz7a2csMg7A4Cln5vuTP0WD',NULL,1,'o99WF1kvmf1kdEOb2hSSn621P6tw','2017-09-19 14:08:06','2017-09-19 14:08:06',0),(71,'2250588292@qq.com','13570792667','be8b788c5c438cec0be0863dd02e0866','yr4c9B19yjgoumXbJFhFLq9MG8tYv1hA',NULL,1,'o99WF1u2lb4ILWQ2oQqN6kvp7TYc','2017-09-19 14:32:58','2017-09-19 14:32:58',0),(72,'1462880837@qq.com','13650636388','6fe488f86994877ea8910d81798b86d4','jji3nu7w5tzLTD8XQhEJQHn9ULSDIyvU',NULL,1,'o99WF1ljNublnvhgaILcK8irSpgw','2017-09-19 18:14:09','2017-09-19 18:14:09',0),(73,'13640863428@qq.com','18307513901','39399c30e54df364ea68590fa754c9e1','PdptDteHAtJdbMGHfPtInHe5SJll5kER',NULL,1,'o99WF1iVc2vjtCU1p_MGkUpl_H8g','2017-09-19 18:17:23','2017-09-19 18:17:23',0),(74,'247440897@qq.com','18819773274','159478849d386986b104bee497466395','TiwDiUgcoCokCf9vYosMzEutXxwXVUDF',NULL,1,'o99WF1tzc4Cvr5VIPm5eWI_bkB8E','2017-09-19 18:19:34','2017-09-19 18:19:34',0),(75,'2875071918@qq.com','15119210536','5c19424294f02dd1073c792d49008d80','wYGt2xgLdr23SflpK51UcCHe76C4JOHD',NULL,1,'o99WF1qP_ch7KKsy8sUJss1bpnVg','2017-09-19 18:54:43','2017-09-19 18:54:43',0),(76,'1716328576@qq.com','13415647371','1e03e10ac6726fd4437487b726295bdf','YBmS8sDJpVPsGGw05JyH8KTPC7OSdDuE',NULL,1,'o99WF1gWJrOfOMDqe2m1Ha5ULSZQ','2017-09-19 21:26:15','2017-09-19 21:26:15',0),(77,'302600081@qq.com','18307512805','4b7176ccb0a48db8a7ce55b9f81fea1c','NGQRAkEdSsf0zN6RFr5sG13UNQq3iqOk',NULL,1,'o99WF1pHio56SLMYoCFW2YFD1KtA','2017-09-19 22:31:16','2017-09-19 22:31:16',0),(78,'1072316240@qq.com','13827482318','499dd1be106a8196c721d000bf326951','71lzHu4vPdmNOM3y6bLOKxtZwcZV1mXo',NULL,1,'o99WF1tOZp3GVcedroOmF3cfO_xM','2017-09-19 22:43:57','2017-09-19 22:43:57',0),(79,'1083765255@qq.com','18818304083','ecedfa272a199f64bc9ad75f1735d757','Mw5KXWCPBjlU4HwBeu2cqaD1FwuJTSTb',NULL,1,'o99WF1vh8JZhH7G_P1xbD2GNtqCY','2017-09-19 23:01:34','2017-09-19 23:01:34',0),(80,'lhybali@qq.com','15919600831','0db29b51a02f1e821b1adfb71ac83d10','goYXdHHgUGRs6d8Qe76s77z6FcqBGULh',NULL,1,'o99WF1uelgeDfCreaP5JVfPYkiuE','2017-09-19 23:02:24','2017-09-19 23:02:24',0),(81,'836358001@qq.com','13450334416','17e89bcd8b6b029e448ca1f10d946212','RVM6ycpJUfKbrrQwbPRBkY5lf9zezvyn',NULL,1,'o99WF1mbXEkjGBySaMXgXvjWFYCM','2017-09-20 07:20:08','2017-09-20 07:20:08',0),(82,'1038944163@qq.com','18307517577','0ee6d315f62ff5fa3034cd643f41b8e1','CCARWQe5QI1BYdsgR7kiTch0d0N6Q67k',NULL,1,'o99WF1s0y8AeobU7tDo5663DTHQM','2017-09-20 11:03:55','2017-09-20 11:03:55',0),(83,'1764037195@qq.com','13450335098','7d14d1f8cf4092f184fe88b03d90302c','rlxgz3Ocd7ygVaJtwZ8abDdVrOZuAMIp',NULL,1,'o99WF1vx_Wv2nUGmpUh2mC4Ng2AI','2017-09-20 11:07:12','2017-09-20 11:07:12',0),(84,'1225696418@qq.com','18128870950','5f3372005cff80b4dcf1d51b19daea72','Fge1SflUsNaNs6UY29l3bCevU82mFMG1',NULL,1,'o99WF1ow-3Flh9xd62mZkEzLDBXg','2017-09-20 13:01:37','2017-09-20 13:01:37',0),(85,'1744166425@qq.com','13411115243','b7e36939617725058df57c925550717a','c1AkIWMR7Yc5svp4rH6eIpq9EHXz0lcm',NULL,1,'o99WF1tKHC3Zhh2jXlKzAaSKDL04','2017-09-20 13:26:39','2017-09-20 13:26:39',0),(86,'1493155516@qq.com','15521249143','8a67642808c12c9da66ef70e29f6f7c1','DmyWetELohdpcbzaNrADCuvGljqigcit',NULL,1,'o99WF1j4JyHGMKvqeodqwaET4rDM','2017-09-20 15:53:23','2017-09-20 15:53:23',0),(87,'1664397420@qq.com','18819773881','2979ed89e610e6cff57330b3d4a29664','G9BNP5gILYqRTQSQQbNy4JMpVAlgEj4r',NULL,1,'o99WF1unEtu-vCPAU4S2_xIPlaDY','2017-09-20 16:27:32','2017-09-20 16:27:32',0),(88,'2726155161@qq.com','18818301885','a483addb7a660387370df93cdf22cf8e','dL3OoypbAYywYBXjSqVvqELXSzvL3J3H',NULL,1,'o99WF1kmXlunU6AIyT_-CssqdkOo','2017-09-20 16:31:08','2017-09-20 16:31:08',0),(89,'1462234467@qq.com','13418143418','d4c4300187b6dacd07b24a01ede5f23d','V2mcJ0iyiSp8IhtTpDtBadRXHuBafgFt',NULL,1,'o99WF1nR13YBXtkCHCb0mYcHJhQo','2017-09-20 16:31:29','2017-09-20 16:31:29',0),(90,'2373736890@qq.com','13450335942','3b49c8259a0eee2e93a671e94c49008f','eAZi6DQTNZ8ufMZWCf5KrfxKmgQip9sr',NULL,1,'o99WF1kYm-ewT8igWftgryLMRm9Q','2017-09-20 16:43:44','2017-09-20 16:43:44',0),(91,'1969974531@qq.com','17806762764','5d403a825e39e019a88714e09ddaaf6f','hhwEbKbkp6toZw9tH8TlqwqTr6M1Emqk',NULL,1,'o99WF1hqe3QCcFMpto4yAqQnQXpo','2017-09-20 17:55:12','2017-09-20 17:55:12',0),(92,'1301083882@qq.com','18819776762','e69a8b7fb4d94a6d7ea07bb6fc91b4d0','YBvj18QPBOdqWRSJYaZ8aQG2cVnYVCY5',NULL,1,'o99WF1ukEkF0SlVo3VtbUZe3RXHs','2017-09-20 18:05:09','2017-09-20 18:05:09',0),(93,'1578281709@qq.com','18307515829','bf40269292279f14306e12f5dffc96b0','YTBGmFlJRaFVA55Vm3eAj6wnviS79e1c',NULL,1,'o99WF1ns-IziELIDgOrDnEJB4edU','2017-09-20 18:07:16','2017-09-20 18:07:16',0),(94,'209195260@qq.com','18819773918','2660812a1f8871aa2a5a64c731547163','QgRq8Xsij5yoBstJzYyHdhaSBE6zAFrc',NULL,1,'o99WF1tuzdiFm0Tz4l3Vbgdipcg8','2017-09-20 18:10:21','2017-09-20 18:10:21',0),(95,'616768078@qq.com','18676022813','3356dd051b1a72b36a9cf21694065c2b','g1UTIBsVHA5McGXRtriDeUX3ibP5T2dh',NULL,1,'o99WF1twsXlm3XKJndCUUeVhE3nw','2017-09-20 18:10:42','2017-09-20 18:10:42',0),(96,'1803167898@qq.com','18129516498','6969ffbeb56a0d23fab5b7e8bb816a39','t6jdbq71nTqcUR8htKtV4nA072EPwPja',NULL,1,'o99WF1lR4eV1oblwSvuyDtthiMxI','2017-09-20 18:11:00','2017-09-20 18:11:00',0),(97,'1449272360@qq.com','18819773917','6313c47602ab18f23b5991cf6206f4a8','7jBsgFsoaPIzSTp9bwBR4BtFdQJG51ko',NULL,1,'o99WF1pOqTWUw614x7X2-ZDOB6oc','2017-09-20 18:12:24','2017-09-20 18:12:24',0),(98,'707041121@qq.com','18818301009','1703e8c5c271027e47986d3b4f143bc7','JlGEvXxxY4vrOvMzLEQlAFGHNgBPEx2p',NULL,1,'o99WF1lU5wpihVuRhVKq1MfG_i9E','2017-09-20 18:13:27','2017-09-20 18:13:27',0),(99,'630002548@qq.com','18826351295','9ae7663dbaa4feb9627a6e22eca6841b','avCVLcxi5Cy7tG7tsearjg7EV76pqSLu',NULL,1,'o99WF1jCoVXaGQL_WGZzTOSMoTpY','2017-09-20 18:14:35','2017-09-20 18:14:35',0),(100,'2324692124@qq.com','13714550702','7ba79be9000e1dac347beb561a369ddc','SnEDS4XHgR9ZmY2m5HZNTPCPTXYXVFFj',NULL,1,'o99WF1u9nzycGpYjoBN0z2hmZfJg','2017-09-20 18:21:50','2017-09-20 18:21:50',0),(101,'837031857@qq.com','18819774947','87711b879b3927cda36e2848b53d19d6','VhjQ82kz4PD45rCFSlSUvjZtyHJ1kHg1',NULL,1,'o99WF1g7rItQWw5T9MyMWi0HcpLg','2017-09-20 18:24:54','2017-09-20 18:24:54',0),(102,'645384681@qq.com','18826355260','b237eae244f777601e124629eb3ed826','eyjdpXuUG4pSmDk7wqD6vXZyrmvZtOW2',NULL,1,'o99WF1nE7QX89CzuTIbxX_3_VnFA','2017-09-20 18:36:25','2017-09-20 18:36:25',0),(103,'1240683456@qq.com','18826358128','6c765802bd02cc22ceeb90e3e397fe92','sQirdMS32UDqGBxOQoy6bYoviLZDYmx3',NULL,1,'o99WF1m4bJ-jqEW0C76MPEw64N28','2017-09-20 18:36:59','2017-09-20 18:36:59',0),(104,'1151896635@qq.com','18826351965','503be52641170a636ce1e4fd04beff58','ARCiHoMJtkKYIRQITHkQPcOMzEqG5YZb',NULL,1,'o99WF1pSdGVBWj6NwBM2EoXBLwho','2017-09-20 18:40:11','2017-09-20 18:40:11',0),(105,'3178835247@qq.com','18819774879','2b956bd4f201de2fb69d46bd1b00a326','a5CD1QlgfyXejd5N2pkl8ZT8SBMP0ggo',NULL,1,'o99WF1jzj0LgFTU3S-gmkvCo2ZlA','2017-09-20 18:47:57','2017-09-20 18:47:57',0),(106,'1326468095@qq.com','15119171473','34bd003c0d4a580f8a3c3d9c5b313669','aclcs81XZC41ZWNxbJuIb0X97bAXZZVL',NULL,1,'o99WF1kWazp-bkD7HHAhjsswylVk','2017-09-20 18:53:00','2017-09-20 18:53:00',0),(107,'1273033944@qq.com','18307519014','27d5648623e82b5c3fa566791b4eec84','VJ9VKxqmfJ6sWfXoo7zs6KbHrSlMx4gc',NULL,1,'o99WF1ld8yxkhEaSibN4lZm2OG4E','2017-09-20 18:56:30','2017-09-20 18:56:30',0),(108,'1328557522@qq.com','15119186728','f9e1f87a55d9d18a9c2fe84b0c9d409b','QvoEwkwF75PifiTzgv2lCPA9H9fukJ47',NULL,1,'o99WF1omjVjVa1B8pk8SB9lA6Ouw','2017-09-20 18:56:30','2017-09-20 18:56:30',0),(109,'1098716811@qq.com','18818308469','ea8ea4776ffe8d90f6d885ce540717f6','g0jMeA2JGxMPmAhMxtigi5odgxcDEyuD',NULL,1,'o99WF1jfN2OjrXwq27Caks8ZESrY','2017-09-20 20:43:52','2017-09-20 20:43:52',0),(110,'2448837560@qq.com','15817033202','d571ea3823d8710afebaa81980c071d0','clPOPeSfcoyv95w7dDQCn2vSkoxvEjdT',NULL,1,'o99WF1gcOTvis3fYarubEWCPe7Uc','2017-09-20 20:45:47','2017-09-20 20:45:47',0),(111,'596717584@qq.com','18819774932','3bd539d4c91703f0f6da36789fdf694a','B23jWj7oa51u0e4nfpnydMDFbHyybpCJ',NULL,1,'o99WF1nPqVrkbkmKbSIfNcDBpba0','2017-09-20 20:45:57','2017-09-20 20:45:57',0),(112,'tklijunhao@qq.com','18826347410','2f1028f3f30216d15d93c85243efe013','mjYYctPxwkGo09YaK5Pr7BJA8X3EKp6t',NULL,1,'o99WF1goiOw2n-fHBJK_apCTtavQ','2017-09-20 20:46:01','2017-09-20 20:46:01',0),(113,'837765028@qq.com','18818303283','605a73b6748fc451ff51f6060116aece','BkoaFvLDGJphsKWpyJnM6Ph7cjqAn0Bv',NULL,1,'o99WF1qRI0ejxXAzHogGYvKN5eCY','2017-09-20 20:46:15','2017-09-20 20:46:15',0),(114,'920121764@qq.com','18823030214','2403c19da12711e6a342421855d5295c','DekDjpmzwynGaEgiMNMQKkt5Wv57JzHm',NULL,1,'o99WF1kdFTajes7VJbTZW0vcy0y4','2017-09-20 20:46:23','2017-09-20 20:46:23',0),(115,'1083110985@qq.com','18818309009','9bac2edf3520133e9fa518b9cd2770dc','gRabHEBCI1l73jb7bLaNlYcP8MopsZ4x',NULL,1,'o99WF1vqw1wFnOAYMhOl9ih6eY3c','2017-09-20 20:50:19','2017-09-20 20:50:19',0),(116,'2632490139@qq.com','18819775997','aeaba0dcee39130dd72ec46fbf31f94c','SUCxlrRX7op19qVN4XzjkzPX15CJYWf8',NULL,1,'o99WF1s7c9WKRsQiky0mieZNTNnI','2017-09-20 20:50:33','2017-09-20 20:50:33',0),(117,'764666735@qq.com','13542854621','407fabc19e6f4d6d08dd3f13a3860fdb','Y91DGOJJTCJMFCF4q28hkwfhTKjzle6R',NULL,1,'o99WF1qg3wScpnGRRnxgrQeFTRRY','2017-09-20 21:50:09','2017-09-20 21:50:09',0),(118,'313021701@qq.com','18818304280','5dcca006acae20b1047d96943b886b9e','qmhvqBkOmhCPpk5w8xCDh616yN7gkhQv',NULL,1,'o99WF1oWidYdLrBAVy3uHLFRz1kU','2017-09-20 21:51:05','2017-09-20 21:51:05',0),(119,'953644541@qq.com','18819776045','66e965c851b634a95e6c2638e2cf78f2','E19I0vaNmfYKF6nxwUD4o38IIjUpMsWZ',NULL,1,'o99WF1k-JLI_1dryidIp2GOw2MnQ','2017-09-20 21:55:37','2017-09-20 21:55:37',0),(120,'2425952608@qq.com','18819775657','56b2c484bf400818d7f14523b9f69af8','lAchjxRkr4bI97AimxcQqP8yv5k6wRBC',NULL,1,'o99WF1n8PUUVowxuhhzPAcv24jIE','2017-09-20 21:56:08','2017-09-20 21:56:08',0),(121,'555908657@qq.com','15374032083','577de357094002784f18f0942a67b32e','YzpN34tipJW2vAg8htduJ6EBPDIbSQjQ',NULL,1,'o99WF1gJ1IHMxFjBegIrzwZbboMg','2017-09-20 21:57:29','2017-09-20 21:57:29',0),(122,'1442726879@qq.com','17607513349','c5dc109e06c8b0538c63af7691830120','RAAZWYomOXFULUMsQOTUcgqw7T40Txy1',NULL,1,'o99WF1gCZHo9mJJFGud8e6E0InD0','2017-09-20 21:57:45','2017-09-20 21:57:45',0),(123,'2577830967@qq.com','18826350070','0fc25d2dadd2c94aedff731cdefbc7d0','TaBeUGh2871jZ5WIEiGmMVAGSOMsyg2P',NULL,1,'o99WF1pWrXONPMSfQifJfdnvl8pU','2017-09-20 21:57:49','2017-09-20 21:57:49',0),(124,'wu9812@foxmail.com','18818301915','a243b08e20ecff450c616b7d5eac1653','TxeZyxN2nCCdE8LGu7mcH2oLqEd1OPE3',NULL,1,'o99WF1rPH0FbCoIHFpqU1iw0lfkE','2017-09-20 21:59:46','2017-09-20 21:59:46',0),(125,'1046944804@qq.com','18023787950','cecf29dea97a3d24f8bc589336590f86','WF1u5iA56vw2SOACtY9aNyZ8FvopIuQE',NULL,1,'o99WF1tAvh--srJlwFgY9ypsvd3w','2017-09-20 22:07:29','2017-09-20 22:07:29',0),(126,'425751618@qq.com','13450334604','d6a913263e35e37ab5dd89dedc0bd326','wMb8ClfDo3E44v0FCFcOJh2LBxyPcCxn',NULL,1,'o99WF1hwIqG1-5R11Mmn3tD2QLck','2017-09-20 22:17:32','2017-09-20 22:17:32',0),(127,'2868127005@qq.com','18819774682','41f674c1fda1ec6273060f0939eeb4c2','XYaoXCxIXo4UoQ4oD3JCZdVdydJLARPG',NULL,1,'o99WF1o4Fqbd8MVuvFmfknjF--Qo','2017-09-20 22:20:52','2017-09-20 22:20:52',0),(128,'1550608348@qq.com','15119210693','97b24fbbd07500a9d05911d75666c6ca','JgQVxYGjj9fhmwMxOB412Nx5Z9AyqOXl',NULL,1,'o99WF1oC2dLbgw9PY_Afz3e-jqhE','2017-09-20 22:26:35','2017-09-20 22:26:35',0),(129,'1150643446@qq.com','18307516045','737f860b190baf644053480bfd80632c','bCjjapIBMrvJNkaE4m6kb4w4B0YbPKL9',NULL,1,'o99WF1rQPbEOO4BrP6-es98hIS9A','2017-09-20 22:28:47','2017-09-20 22:28:47',0),(130,'2572775446@qq.com','18818307451','12fb89a1f6f59776ff50e4ccbf42c4e0','BXpqHHVhZFq8ZEe7ygaCpy7hYxcTa0Qx',NULL,1,'o99WF1rwGE8MQQqvawYyV82r4TPo','2017-09-20 22:32:58','2017-09-20 22:32:58',0),(131,'2075396964@qq.com','18818303775','1544ca49c056ea73e926ccdad80ac6e3','eRXrCUMl8Eddr7E3dWX8VIiXfqYmtgoM',NULL,1,'o99WF1ngJVMNESiSF36Qcs2BGYP8','2017-09-20 22:37:02','2017-09-20 22:37:02',0),(132,'2030249091@qq.com','18819775698','2207114d99d695ee3429d1924148b4ad','Cb0tPk9M47SDhcCRICBzatHJz0fJf1EW',NULL,1,'o99WF1hA2HYMW533iZbh1RWWMmUI','2017-09-20 22:44:32','2017-09-20 22:44:32',0),(133,'760318724@qq.com','18819782962','f93d6a264d2fa6320939407a72fed81c','CH9v0v2USypLWVBgtFLpz57smSrtDMHM',NULL,1,'o99WF1oWl_TLM33Nrqnw8f9vuYvE','2017-09-20 22:50:33','2017-09-20 22:50:33',0),(134,'kyanhxy@gmail.com','13570239166','fe0ebe0110bb6b2b72e1a1c5d7ae5409','VciJNdeRSDQR2yUdUVkzBN3CEoZw4U5G',NULL,1,'o99WF1nHkzKqeNNDgy2myj8jfXR4','2017-09-20 22:55:39','2017-09-20 22:55:39',0),(135,'543246969@qq.com','15017488747','02a215cf7efc04a43340924db263b4ad','rAYDw8GtfhJgCRaqLUEkSG9tscw2vapC',NULL,1,'o99WF1g6LVOPGLGhjksIPWq_sI9g','2017-09-20 22:55:42','2017-09-20 22:55:42',0),(136,'1252125071@qq.com','18307514294','15d0ac9116867637a5073e1be9cc2e3a','Msn4ocZRm32mZ6X4mmBU55J2w5UoIhRP',NULL,1,'o99WF1pO6f77Qj5fHhDBHsPmvYrI','2017-09-20 22:57:18','2017-09-20 22:57:18',0),(137,'1971226895@qq.com','18819774782','4224b1442bc7dad5b966e700dc3ba2cd','NZzJDtoWkifWgE0E3y2za62I5ml2ab9V',NULL,1,'o99WF1rckUrsDJZs5KRs9GbVjRvM','2017-09-20 23:06:18','2017-09-20 23:06:18',0),(138,'1719797089@qq.com','18826347343','05b2aa42996e7a90177b49ebbe193eb8','VFl339GZIpakzF8ZYVBmTHoFAAtKP7zz',NULL,1,'o99WF1mfcg0SK69kpbFpuBwqFuV8','2017-09-20 23:08:24','2017-09-20 23:08:24',0),(139,'997407575@qq.com','18819776484','a3343b363d94b8e6c226f93d8d9b9706','yJ0nDVWwkqIaY1Y7GYWZUxmQkkLiES1Y',NULL,1,'o99WF1hIGv19M8EpzC2jbe-mIf94','2017-09-20 23:08:45','2017-09-20 23:08:45',0),(140,'2469128902@qq.com','18819774832','0736a987873fe7a19f447bb56bcd10e5','42t1YcmoaPVQUbYFj1mDKSDz4v9Njubc',NULL,1,'o99WF1n5OsIT4qmNBi0m7ayGS2O0','2017-09-20 23:11:20','2017-09-20 23:11:20',0),(141,'506769292@qq.com','18307510110','d20bc21c898c2c18f16a1ce024e04185','Fl40ruyKFm9o07PDDo8SrrUDRvSvKvsL',NULL,1,'o99WF1stZVwo6cRhFsysQCqyig2c','2017-09-20 23:13:48','2017-09-20 23:13:48',0),(142,'384978123@qq.com','18819782854','0e606dd6d029ecc6e2bf59991dd60f4e','re91rnGHcJUPSQg7xQJVrjQunICLvsog',NULL,1,'o99WF1lHn62HjbbSZ8JdNpT3VOuI','2017-09-20 23:33:12','2017-09-20 23:33:12',0),(143,'542146856@qq.com','13794133054','6f98897b86daa884745f305ae884ee05','EbAm8CqAXyCXJEXJAJnsYwVFKzv41MbW',NULL,1,'o99WF1ujOZnXo9_wrHeWULmw3bxo','2017-09-21 00:07:04','2017-09-21 00:07:04',0),(144,'1241090796@qq.com','18818306781','760313b5e03e711790c207f9b7e97192','gbkr3y67wKJWUcf1decAAjyB3ws9dh1F',NULL,1,'o99WF1gP6f3BrbgxA_6kxZW5jGxc','2017-09-21 07:09:43','2017-09-21 07:09:43',0),(145,'1103453042@qq.com','13411123843','463ea30b97911c1a7dda8e9d19efccb0','IZiEG6F2sf35pkeL2zbDk5W9O7M0egBi',NULL,1,'o99WF1hkSmwHONwtVeWaN3FYcTP0','2017-09-21 09:48:41','2017-09-21 09:48:41',0),(146,'870757240@qq.com','15219823369','47150aa893446c0f719b27df439f931d','Lo1aVITT5OZy15UMMiRPsOv9xyLKQDIE',NULL,1,'o99WF1oM5SO6ydLWVxAkQZy6jhjA','2017-09-21 11:29:46','2017-09-21 11:29:46',0),(147,'1771097587@qq.com','15521238844','eb4d534f56c623f408147fd1b450eada','OsGwEZ7zlq6GjeTwIwLTqB2WtGHbt6E0',NULL,1,'o99WF1oNB8cT2K5GJicN3bHHyqEQ','2017-09-21 11:46:05','2017-09-21 11:46:05',0),(148,'1782831192@qq.com','18819776821','1bd620d9f2a6c9749d66179c1c7b8ecb','Wp0E6UpuY0abxeKg0ai4HqczUVL9oYuC',NULL,1,'o99WF1u23dZ5-l1d-a6m8G0a70U8','2017-09-21 11:55:34','2017-09-21 11:55:34',0),(149,'517234140@qq.com','15119199383','cd3bff4001ec1b98b15eb5dc7bd3bfe7','3hKQveNNsl81ZLVRsJTIkmM3y5N2gBEG',NULL,1,'o99WF1u7p-HrDqrSirHdUj-fD8PU','2017-09-21 12:18:16','2017-09-21 12:18:16',0),(150,'896409274@qq.com','18818307860','8b65bbdce25431d8c301071e9c687808','AvGv5X5mRCa5DxZhTvPs79osQPtabXEi',NULL,1,'o99WF1tmvwCdy2F20UFIT6lRXfnM','2017-09-21 12:20:09','2017-09-21 12:20:09',0),(151,'2228986440@qq.com','18818307077','0821f532f250a9e18b95ef02f3d3b2c2','4yBpdKU6lkmb8efxI5kxgFNvoedua6Os',NULL,1,'o99WF1mRrM1Zap0bjTQl_qNfRgcE','2017-09-21 12:31:25','2017-09-21 12:31:25',0),(152,'798364886@qq.com','18818306676','93e66e00a2d82eaccda5b852a92bd310','K8bwn2SiJrKst2Imt1uqaqqWT5IrbGKU',NULL,1,'o99WF1g3Ck3-C4xg7D6lsyrr1vPw','2017-09-21 12:34:23','2017-09-21 12:34:23',0),(153,'www.921317881@qq.com','18819773612','19300a1099967a2fc60b1f8366e72843','xdwzId7RPEWQtRjMtB3lCHwbALKh5WtR',NULL,1,'o99WF1mL7I2IKNkIX949ODgHA4DU','2017-09-21 12:35:29','2017-09-21 12:35:29',0),(154,'3218321239@qq.com','18818309811','81774fb041a8acd561f4c82e7f7a03d0','AkPIHl9tdTujeJINFs3uV9KlDX4K6sZp',NULL,1,'o99WF1qH7d0IV1BSWAcrksP5MWVY','2017-09-21 12:35:49','2017-09-21 12:35:49',0),(155,'1909472570@qq.com','18307513719','d616feed136ae5a693bd81d58a56b116','jNegOwTuRCoXGmMJ4i6QOsuf6jL1KExG',NULL,1,'o99WF1hfoFxZBqOP3kNhz8almAec','2017-09-21 12:38:20','2017-09-21 12:38:20',0),(156,'2537892522@qq.com','18307511998','69f8405819bbb9e2cbc54919322dc1f5','et6ayJQvQMaFZ1vMXHep6QOvPsAeFjhL',NULL,1,'o99WF1ihixycwSwIWE9pDnqPv9Xk','2017-09-21 12:41:10','2017-09-21 12:41:10',0),(157,'1470411256@qq.com','18819774669','94dc1e4265b026d00b126e4469839174','NDmsPzbgLuG6aEsMw48JkDMNS1XUnpwp',NULL,1,'o99WF1jfH_z53O9UkgT3FAFf4gAs','2017-09-21 12:41:11','2017-09-21 12:41:11',0),(158,'1522357554@qq.com','18819776765','a9c28db8251375e23d852f0549bf529c','F1BK8EkmVF5BHOmIJ2ODWatdu7UEvwxs',NULL,1,'o99WF1slBGRsxXrN683uXMA7VtU8','2017-09-21 12:41:40','2017-09-21 12:41:40',0),(159,'2399531973@qq.com','18819774825','f6d5e50fc482208e223a03cd9ada7321','Pctseeq6IsH6rVIFURurKjkTEQxSzWEw',NULL,1,'o99WF1gJL1GkQPhTprJGXFwoLtY8','2017-09-21 12:45:05','2017-09-21 12:45:05',0),(160,'610930834@qq.com','13680556647','763ab1aa3ede6465b9e76bf0323e3119','Ly2hMNO8feu98VOL0KubNr84cCOcuU2l',NULL,1,'o99WF1nhDdQHlY9pOX0bORzJBOPw','2017-09-21 12:46:32','2017-09-21 12:46:32',0),(161,'1825846332@qq.com','18307511957','58ec859c2174d5ca39b0106847c281c3','Fr4bOtIo7tivCY2kHOCoUF5AbAngUqGF',NULL,1,'o99WF1g2qR2iprmNoVbgylVqckhw','2017-09-21 12:46:45','2017-09-21 12:46:45',0),(162,'961069295@qq.com','18307510921','7869595a5dd8386b14c73088acf93647','yrBLGk5gFfFXNlCeEc7BvbXd0nj7UOFj',NULL,1,'o99WF1peMK8P5U_Md_bdCopWA7Bk','2017-09-21 12:49:37','2017-09-21 12:49:37',0),(163,'1158897137@qq.com','18819776138','c64372c30c626777dd50205920ed525c','vCoJv9Vc6VnrXjDyD7r3v5esq4KZaMHY',NULL,1,'o99WF1rnx8t1OlMsNHK3iCm8v2YY','2017-09-21 12:50:27','2017-09-21 12:50:27',0),(164,'351034622@qq.com','18826356199','e750514e64d62f35080e1ecbd2eb9158','AKCVwTafG8UKz2QxdojdsgMoLx3tziwU',NULL,1,'o99WF1pQroN4fNLNT_8UXcluqyP4','2017-09-21 12:55:50','2017-09-21 12:55:50',0),(165,'2259021254@qq.com','18307519328','69655b7cf71a9af6e7316fd0e6513044','lGvq7B4vvox1uo5mSw74islVywfsNuJW',NULL,1,'o99WF1hOTVajmVxj10giZX9ZIKgk','2017-09-21 12:56:22','2017-09-21 12:56:22',0),(166,'guanjiazi22@qq.com','18307510206','2c76fcd5d2d54cc072fb82ec9b00657f','HU9lxZoi3HLEl82WRIWS2spkeR4DGtaA',NULL,1,'o99WF1qZPHDC_bT4Qdvigq-ui99k','2017-09-21 12:59:01','2017-09-21 12:59:01',0),(167,'786272907@qq.com','18307511571','6b4c1c3c4640768e48f7c3b6579c7245','99rrAgrAitM2PMawPjynOqHwet522Dsd',NULL,1,'o99WF1vZ-w12HPLKkD1GhIQTSSQM','2017-09-21 13:08:26','2017-09-21 13:08:26',0),(168,'1772680280@qq.com','18818309436','ca10fc030f46e5b59222c262b59c609c','uhD0yKLqZezDOk04S87DADTIh14ahvYW',NULL,1,'o99WF1lZ3xrm9l8pt3X-x2OkkKMk','2017-09-21 13:09:06','2017-09-21 13:09:06',0),(169,'2507125082@qq.com','18719298697','e3cdb30dbd6716fe6686b8e1b6bffaa3','FipkhUZefB535YVahUcUt00PQKVNTTw2',NULL,1,'o99WF1hF6Fw6X192eWfaw1-oQoY8','2017-09-21 13:19:55','2017-09-21 13:19:55',0),(170,'1210424096@qq.com','18819776773','5e8f23d7f00f19f213fec38e935a3f34','2bH7x9WFXgN7DExDLL846wIMZCbrH6pP',NULL,1,'o99WF1pw8UPRukI-t-lor0R3R-xs','2017-09-21 13:37:03','2017-09-21 13:37:03',0),(171,'865660965@qq.com','18307511334','d5e4403d9c5807bfbbd596fb360e3bc5','Au6sic7J0FKYPDwrjkVQ6tqkXNtjAJoX',NULL,1,'o99WF1j6b6ZEa8w256-dfDnYvXEA','2017-09-21 14:08:14','2017-09-21 14:08:14',0),(172,'1810271027@qq.com','18818305330','b91711012a47981f427e24f3a8897900','vouETqE19kfDJgiqpUzk9R5QuDtFJRCP',NULL,1,'o99WF1sX-NJybiajFSD-Kwvxj5dQ','2017-09-21 14:21:14','2017-09-21 14:21:14',0),(173,'877553857@qq.com','18818302986','05d04f52c823b192c10e327895378d71','aJlVCzQQU7PcqehVWoSyvOC5hofcT9rp',NULL,1,'o99WF1uSp1Tp8AJI-tknwy9Ny0EE','2017-09-21 14:27:44','2017-09-21 14:27:44',0),(174,'1966818239@qq.com','18819777120','a435639841f2a47f9b6995ab65d8ee24','MaRk7tcUcn8Z3DKsAwRXbM5pyjE46XZH',NULL,1,'o99WF1hFi19igGfnKIxCuFCBgjOM','2017-09-21 14:35:05','2017-09-21 14:35:05',0),(175,'1972988968@qq.com','18819774716','9700898dcacbda445748cca61450f0af','mYY6GnhhEwlCMfjpkXIxJo65GwzfE51L',NULL,1,'o99WF1jlN_C-MEV_YJ9G6Ei_gnGQ','2017-09-21 14:40:04','2017-09-21 14:40:04',0),(176,'lileyilileyi@qq.com','18819773907','f36fd27f917bb6cc38eee92d9eb6cbc6','m3s3nAp312TcXrxpdcN8v9n7wRB6v6pr',NULL,1,'o99WF1kASEPIWNMyV4IjCMqKKR1k','2017-09-21 14:41:58','2017-09-21 14:41:58',0),(177,'691275485@qq.com','18818307133','b2b6134a6a2981d094382f9774891af7','fGvMkyL1tClauXyCoPfJDNDNmYvvgidB',NULL,1,'o99WF1kbkaQ-oGaMbziDW7pAHbvY','2017-09-21 14:43:13','2017-09-21 14:43:13',0),(204,'1738726946@qq.com','13452235051','0db037a6cb245adfd1db56fefeb4c139','pFF1PJbvPqTz8AJosdz3Spx0YWlY4gv2',NULL,1,'o99WF1tY135YhGbigpzd5KFvKLRA','2017-09-21 22:43:06','2017-09-21 22:43:06',0),(179,'373481766@qq.com','13415637477','361bb31537368dcee8e26cc1e3a43f29','InhnJ51Jzu28JNzZzlf5bA1KFOEqwB42',NULL,1,'o99WF1ic68JLJjQBU3-xXf7N7a8k','2017-09-21 16:48:51','2017-09-21 16:48:51',0),(180,'2248474660@qq.com','13415637950','3ecd85705498cb700e4af18f849c9593','nqGTuZjQq7EnblSLssmBxBNnQIwEPfZ7',NULL,1,'o99WF1pga9ukK3H1osFmpXSF--j4','2017-09-21 17:04:16','2017-09-21 17:04:16',0),(181,'934561296@qq.com','15625718799','7c1fbf27fb8398932e4d8b5121a3d1aa','TcVZN039XEEljchFs6JqpHBkQow4VcHG',NULL,1,'o99WF1guPvR8vCzuIogDDuea56w8','2017-09-21 18:09:00','2017-09-21 18:09:00',0),(182,'1391882712@qq.com','18819774027','31ad84b3df32c61a4892599f619cfc14','9RfEraRAMYUhpgW58aE2rqgFG1edd1wZ',NULL,1,'o99WF1mpPlRUDO8fUuMapCC-qajs','2017-09-21 18:09:40','2017-09-21 18:09:40',0),(183,'893666296@qq.com','17666416458','298adb790d6fbb932220c4133db57680','rNMwJMw9E4tw9x5LxcSN7HYJHULNhrQP',NULL,1,'o99WF1lX2BO02gqQCl1cDzlDEL0M','2017-09-21 18:10:31','2017-09-21 18:10:31',0),(184,'814737896@qq.com','18818301026','e6c2cf563e3684f039274a4cdb32a15a','hECHKfP5IzbWwbwHr0mTbkurQEGrucKv',NULL,1,'o99WF1m_-g5Z5vUMajGkX-nT2d-k','2017-09-21 18:15:29','2017-09-21 18:15:29',0),(185,'1940931605@qq.com','18819782706','655e149fb9f62fa603ecfbac87cf1d66','zYWk5BMNha3zp9X0AgkHFF7iZasB6WkT',NULL,1,'o99WF1vixXXANcBCcu-DnwFMvotM','2017-09-21 18:17:35','2017-09-21 18:17:35',0),(186,'13650247075@163.com','13650247075','21a37b44eb5e35f7691d92b4392a222c','YCaIU6g30dq7msK69vYTlUHIjeoCVErZ',NULL,1,'o99WF1hb633jVhru7rLxnjChEpqo','2017-09-21 18:21:58','2017-09-21 18:21:58',0),(187,'2625656619@qq.com','18307519909','e919323e09f1eb077539dfe677bc592a','JdmD3WgyweenOgDvyDz7W4fpZ7gScvTl',NULL,1,'o99WF1ir8o3hCtmsiYiF2kaKKYag','2017-09-21 18:23:23','2017-09-21 18:23:23',0),(188,'13622957403@163.com','18319250742','47946460aa475ea481662035592cc0d4','iu2lkhqudQ6Evsxs79k7Ul6c7H57qIEV',NULL,1,'o99WF1p67un7KVHOW38PkN0W4Z9Y','2017-09-21 18:38:11','2017-09-21 18:38:11',0),(189,'1353339429@qq.com','18818307959','ec4d5e836151b8c52318bf4726070ede','Dz1O3AG0vn8IrzZv7nSnPo8QqmdCIsjj',NULL,1,'o99WF1pKbRu70O4rMGdQW4mGPlLs','2017-09-21 18:38:47','2017-09-21 18:38:47',0),(190,'pwjack@out.com','18819776454','6229fa3d478660c7facdfd7f076f8bb4','leMBFXYArXpaANiZb37qVNjphjxZetoW',NULL,1,'o99WF1rBDIW8IXuG0Ir3nE0Nom5I','2017-09-21 18:40:46','2017-09-21 18:40:46',0),(191,'1404031711@qq.com','18826354908','ec72413cb4dd07c12f8305d171faeffc','QqBiBHslAiNWBRJf9eY6dP51cg4vLu9h',NULL,1,'o99WF1qtIdqdXl9RoaullNPebFNg','2017-09-21 18:43:54','2017-09-21 18:43:54',0),(192,'164180255@qq.com','18818306422','8bc910239cdfeafa129cd306e024735b','NTbyNJMEh9XPsGwi9I8wjr1eTHP5ZIVS',NULL,1,'o99WF1shqH8U2TiwmQypruYvGE2Q','2017-09-21 18:48:34','2017-09-21 18:48:34',0),(193,'1300416188@qq.com','18307514115','e296407a4bdb3eeb65b9e979224bef48','1RH5dSXKBOU0Co28e3Jf32ZbbbUghTPJ',NULL,1,'o99WF1kd2PWNWq0hwr-cwX5Sv-9g','2017-09-21 18:48:47','2017-09-21 18:48:47',0),(194,'592574711@qq.com','18307514715','90b714e25ec8f8cc3e6dec7d7e4dfe12','6tiUixgJZohhVdWzIJt5dKaG1vh4lADY',NULL,1,'o99WF1jsqoPEBRaFLHWtWeTbeb5Q','2017-09-21 18:56:18','2017-09-21 18:56:18',0),(196,'2581590889@qq.com','18307518815','b238ce457d2a1ba1f74cf0904d761506','nnrEiGO3DFhoQc53YrppvZr28sjhOvcc',NULL,1,'o99WF1ld1WLhjAjGxswBONdLkzpA','2017-09-21 21:07:31','2017-09-21 21:07:31',0),(195,'2467673987@qq.com','18307519864','ba74681059cad1aa643475470fd12b91','SFBDsM5SAXUy0WppKnklW93g0zXYQJvl',NULL,1,'o99WF1gamgcqZBnARjwEfIYOEEhU','2017-09-21 20:23:35','2017-09-21 20:23:35',0),(197,'690696047@qq.com','18307513637','2ada383846b8dc33c91eba004ab4204e','PJZsGaN871S2WBMdr0UiErdRymjvt8Me',NULL,1,'o99WF1qFq2EuDRjgi61ecpIT44P8','2017-09-21 21:14:11','2017-09-21 21:14:11',0),(198,'1060748574@qq.com','18307510721','b0ef6df6acc2721d55b188f3f56a2ea4','NArPlOZPDSPsXI4Q1uICEHV1t31oqDbW',NULL,1,'o99WF1krLsYvTuEKmGMs5L5YKnvc','2017-09-21 21:15:14','2017-09-21 21:15:14',0),(199,'www.18318153402@163.com','18819774058','aa6434436070e17e4bfd6933fd267551','Bxclrh5AN6lLbFCn2iQ3QG7M0w2SyJAG',NULL,1,'o99WF1hbDv1o2KUVDcaET0TQ_dZQ','2017-09-21 21:17:07','2017-09-21 21:17:07',0),(200,'2316984131@qq.com','18818303558','d9bb5d4cd4d84e4e8236744a28bea7d3','7JO3yuH65zxaWpTwGtGUAR46eupTY2nq',NULL,1,'o99WF1pdMqlZ2DoiXD2nNHJlQdJ4','2017-09-21 22:04:18','2017-09-21 22:04:18',0),(201,'506463961@qq.com','18022740687','4c8fa8f2761d60f1fb28b1741a0c7c9b','oIR5u0LilKSVES0QHDlMuPHSf2CpJuCW',NULL,1,'o99WF1qVw1b0GF3Bx-5HPWMTJEsU','2017-09-21 22:06:48','2017-09-21 22:06:48',0),(202,'1367318491@qq.com','18307510781','612ae63da6a85ca36b090c8fd427274e','stqTMxPbeimSp50GxkGzSFn2ANCGIETl',NULL,1,'o99WF1sT8ETeSf8XwZUEZivWdFMw','2017-09-21 22:14:43','2017-09-21 22:14:43',0),(203,'a664350771@vip.qq.con','18818305834','42020660612d2a057780616a92bde49b','NloKMTMvK0uyPY2gayZBkAPOsp3cbdjU',NULL,1,'o99WF1un00eqfN4HstJAKQHX1C5I','2017-09-21 22:22:19','2017-09-21 22:22:19',0),(205,'1096392102@qq.com','18818308712','22a82be53fd75f54788ca7163531d25b','sPiEKCDrkHxj22Qpl6XHJ4WsYDxahia1',NULL,1,'o99WF1sQKDq_qKpl-_Y8q3e-KDSw','2017-09-21 22:48:26','2017-09-21 22:48:26',0),(206,'846052962@qq.com','13420564133','2affdf10336d3ff772ee585fdb4c0cf6','xfJTstKXJtkUIf1ZLzdHwZVQnxrOFo0k',NULL,1,'o99WF1ouD2PcFkheEPkptDgdQHX0','2017-09-21 22:57:03','2017-09-21 22:57:03',0),(207,'1390700619@qq.com','18819774035','ea0aff9e34ec331c11abc22775bde59a','WXR4VtgKasnlvbH28UQbrEMwDWtMw6K9',NULL,1,'o99WF1l9l3DPClUemDt_ba7E4aqQ','2017-09-21 23:06:36','2017-09-21 23:06:36',0),(208,'872522850@qq.com','13729837752','b8aaee27d223e7de5bfe0f717c82bbe1','9jQVbns2lSek3Kcmd37vWAdw6mjsbdd7',NULL,1,'o99WF1k3f3cSY44s61-zJeUOZgAA','2017-09-21 23:10:43','2017-09-21 23:10:43',0),(209,'1927666233@qq.com','13415636244','ae7e8f676ced415e2b7706f6ccfbea61','q2wrnB7X0vHfZCHg2t0xWq8fFJCZp432',NULL,1,'o99WF1sBZVinF68w58kKeD8Bwa6s','2017-09-21 23:22:10','2017-09-21 23:22:10',0),(210,'945992077@qq.com','13794660426','d5b5a3bdb4c5b15e039aa578a72fc4e2','4vUgA3P2roIu0ouRIJaR4pH50jGubJ3E',NULL,1,'o99WF1jNQalPuROQ7gyyuMxlJn8U','2017-09-21 23:30:44','2017-09-21 23:30:44',0),(211,'1969788090@qq.com','18818301636','bab11240bc433ae3acbb9db25605fafc','nkJy8SVEBLDkBaCJxJsbI7EmrHnzczPz',NULL,1,'o99WF1itxL_T8nAuglqzLSyJ4MXY','2017-09-21 23:34:41','2017-09-21 23:34:41',0),(212,'582695677@qq.com','18818309862','a4cc35d5192b1620b84107b01e80097e','8XoevpvhAqqgrDaQaMtNOWCjxcZqZuqA',NULL,1,'o99WF1iBWAN9VUVEmt9ak44Jr2xs','2017-09-21 23:38:47','2017-09-21 23:38:47',0),(213,'749814839@qq.com','15113243413','6eb87ae6b219d26776394cd7b0e334ea','VjD8JhQtbb93SiohSrm0Yc0uG7yDKnH9',NULL,1,'o99WF1qYWGl9W0uW3Q7SAXGCEw9g','2017-09-22 00:05:46','2017-09-22 00:05:46',0),(214,'2023781757@qq.com','18819782907','c002cbb42d55b7571f60da05d42cbf45','wG9zBuOYyVCHjCBM8hoyfNgDx4pNRFjv',NULL,1,'o99WF1p3r5gaojKcvRWzBoW1M52A','2017-09-22 00:13:31','2017-09-22 00:13:31',0),(215,'949257506@qq.com','13420564466','26bef89efc2a98880efdabaf2fa3a714','2zsCAYGFG2i1nEXTBiE2kXBcQlBXWcbM',NULL,1,'o99WF1l5rfpjcWFLdX_n2NaZbQjY','2017-09-22 00:17:34','2017-09-22 00:17:34',0),(216,'1084952668@qq.com','18307516686','e8f7fc9d8f00fbee1e8558e15e55d6cc','iaUtgAT90NIEi65jFvtdd2jz2N5fPHEm',NULL,1,'o99WF1nX1BQhAPxPAs42TI51rvDE','2017-09-22 00:34:39','2017-09-22 00:34:39',0),(217,'3326730738@qq.com','18307519707','7ff64e80af9ddf416501a1844650d0ca','XVAB6CrDGZD1eGwmwv6RIIaT1WuFqFWz',NULL,1,'o99WF1tZhQ6KctPeItynP8ylkq4c','2017-09-22 00:41:15','2017-09-22 00:41:15',0),(218,'1595672837@qq.com','18819776487','d295c4e2d3f889636b00acc0100b5b5d','F2KslBhqZIcJVr3xNlFpNwlal8cUEabk',NULL,1,'o99WF1vFIiTrgeUyWWHJ3iXZLRZk','2017-09-22 01:06:05','2017-09-22 01:06:05',0),(333,'','18819773870','1aff100636139846f5cae1dc0630bb90','z3uisUA642nFH272D1y3Mb3PItW1suOD',NULL,1,NULL,'2017-09-24 15:20:51','2017-09-24 15:20:51',0),(335,'1225731341@qq.com','13542268507','701f05711e04b8668a9aa683090f814b','vlLyiCCpOJGnsXfdsFKkO6Yhlh5sUcO2',NULL,1,NULL,'2017-09-24 18:04:36','2017-09-24 18:04:36',0),(332,'1059516516@qq.com','18307518237','4a7682c4f3fbf4ee074c940e881e105a','CkTweRSP23Cz9CGLLvOJByUZU1e5qEF6',NULL,1,NULL,'2017-09-24 15:03:12','2017-09-24 15:03:12',0),(221,'1229753623@qq.com','18819783244','c4cf5ed21d6ab499f799a6514764afe3','TZkVKdDs0y6OvjkrBqNs6sIEDbhYlRzj',NULL,1,'o99WF1goWepD8sjqQ67q5hQfupJ8','2017-09-22 06:39:51','2017-09-22 06:39:51',0),(222,'1147939031@qq.com','13542281475','6d2d2e45e707ecab3e3bb52d6602deee','zIbFs1kVx4a8y6QVAqmlYw8Ch7dlJWon',NULL,1,'o99WF1kyYUxqXwhzOrDvwDPfX-k8','2017-09-22 11:06:55','2017-09-22 11:06:55',0),(223,'939445399@qq.com','18818301816','197099c3f23a82c2405c71aedb062da3','GnnFy9iZXsRgXgST20bpsYdfscbWe8bL',NULL,1,NULL,'2017-09-22 11:09:46','2017-09-22 11:09:46',0),(224,'847554362@qq.com','18307519323','b3ddd726a5d7e34f1dd184b3aacc5c8f','HgKBX6sM00xuaCXq7fPOriJbDZQsgbOM',NULL,1,NULL,'2017-09-22 11:32:41','2017-09-22 11:32:41',0),(225,'1129673383@qq.com','13620436714','3d8da3533a68ade3ca01dca5bb52b4ca','i2PE9sDQMoFaTVPDCU25FAX1UK4mgGIb',NULL,1,'o99WF1qLXOQf8gmH1XNunwwGMW6w','2017-09-22 11:34:23','2017-09-22 11:34:23',0),(226,'1345942525@qq.com','13425369780','a9758be1b8959c41d5105531c4437dbc','1wQoOEPQCKBVJ0aRmS3JZwzEi5IYobhb',NULL,1,NULL,'2017-09-22 11:34:44','2017-09-22 11:34:44',0),(227,'1149290863@qq.com','18818302630','76a45a70aecebbc19f7039f80b72faa1','KdheBJ1iQk38kT9wFavmQe7fWGWAk7ko',NULL,1,'o99WF1iBk8c-9amQZOOksfoOdkCA','2017-09-22 11:34:52','2017-09-22 11:34:52',0),(228,'936710808@qq.com','18818303992','c0ca4bbf6c2f72abd0116a08ce3327e8','5ox3lr8oVeMPXMyfmAJgMsgJVuIRVgAf',NULL,1,NULL,'2017-09-22 11:38:33','2017-09-22 11:38:33',0),(229,'1271165028@qq.com','15218449710','0c8854346c0b8b12cb186d384b30cffa','XHQ3nyvBo8krVuwYJBzOYopI4y0SBT48',NULL,1,'o99WF1tGShN2qaZJk2417KAoXZjA','2017-09-22 11:40:04','2017-09-22 11:40:04',0),(230,'965318195@qq.com','18818307837','ec1fc44595095d31858c96d69eb4f6b9','QuoG6CMx9CHdhUSDOriKjoHXuQpwAOMD',NULL,1,NULL,'2017-09-22 11:42:44','2017-09-22 11:42:44',0),(231,'1932109483@qq.com','18819774624','0cec354649c8f500549ac4fb7dced741','LvyYLFGxaCnNGnhnAWqwoVzCMNV63PM2',NULL,1,'o99WF1qrSAgMSnaqdPKkohesrmdk','2017-09-22 11:49:43','2017-09-22 11:49:43',0),(232,'1305478318@qq.com','18307510278','ca4e2d2134ffce5060b412a91688fb0c','priRDWxTCrOYO29xZrxM2qsR5Pf563Yh',NULL,1,NULL,'2017-09-22 11:50:05','2017-09-22 11:50:05',0),(233,'2386801654@qq.com','18818308890','f854e996022656197bddfab482796770','yzXD3XWwBUVMOzfkBdT0g7jF59Xfy0PD',NULL,1,NULL,'2017-09-22 11:51:13','2017-09-22 11:51:13',0),(234,'2608642129@qq.com','18819774588','0e101f26ae947e540d0494c4570a7e89','ESupTJrujzvH10S8IDWTxR0RvhOxG7Qf',NULL,1,NULL,'2017-09-22 11:53:58','2017-09-22 11:53:58',0),(235,'297901679@qq.com','18818300840','e4b986f687bf4320d5b46c37f25ea83d','tIS0K0zCvC3GuKuINrZ0D0sfpXfLlmkO',NULL,1,'o99WF1qf25fQzc6k1mAAUG8JltQc','2017-09-22 11:56:43','2017-09-22 11:56:43',0),(236,'2225242930@qq.com','18307513980','ac3a94524855d4c154c5b75bb413b503','gdZUPG9Zi0arDZkaNz71iuNm5e7kh4Gg',NULL,1,'o99WF1twNwh3oQYwf-u5dS4xtrFQ','2017-09-22 11:57:39','2017-09-22 11:57:39',0),(237,'786548823@qq.com','18307511985','cae62c4591f7f50861f543e5c14a453c','FcdJKfRl84Tc2UQg6C2ttjOhqkTjCM5b',NULL,1,NULL,'2017-09-22 12:01:48','2017-09-22 12:01:48',0),(238,'2707545075@qq.com','13924410245','88040ec60afb69c5b95371bea1f8e09f','ub5ekhHdVSDpcukHyxaqR0ki6DQGyVuy',NULL,1,'o99WF1pKA9tJbvmDuQKQsEDcQU40','2017-09-22 12:02:52','2017-09-22 12:02:52',0),(239,'1832662174@qq.com','18826354598','c352f2dc168539e54f1cbd76edad56c9','2HhbfcvjbP8F2foFuzzdtO3kE5awELZa',NULL,1,NULL,'2017-09-22 12:06:00','2017-09-22 12:06:00',0),(240,'1549346129@qq.cm','18820594902','beef078ff257f89cd5750b26007556a4','ZIhuHWwXSsTkFHodovejrwESysOR1vSU',NULL,1,NULL,'2017-09-22 12:07:25','2017-09-22 12:07:25',0),(241,'1114745165@qq.com','18819774607','5de68356d2f480c36b7582680ed17552','Bhmk2Ee6MSRyGtEfK1yyOLjgcAynPo6X',NULL,1,NULL,'2017-09-22 12:10:52','2017-09-22 12:10:52',0),(242,'1403055012@qq.com','18307515496','c4515ec341f560b6b470ac9f6b37cf88','XCqNYSUlY4RNVmCxNnSvLzo3zEgEpkNV',NULL,1,NULL,'2017-09-22 12:12:11','2017-09-22 12:12:11',0),(243,'1007088031@qq.com','18819776683','bb32a49c8c4e817b5e3e6ad2dfa29986','bdhooPRzmPPofrm18wLvfrwtLrw6l2nZ',NULL,1,'o99WF1sdNRgXjfQ9wIlBuOx5dW_o','2017-09-22 12:13:12','2017-09-22 12:13:12',0),(244,'1582699654@qq.com','18307510525','836d489e4c82beb2bcabdbca0784272e','8J9UECwpmhlqRKMMQtszLMF8FEyOBsGE',NULL,1,'o99WF1n6RVPebBcQtqjETojqq134','2017-09-22 12:13:20','2017-09-22 12:13:20',0),(245,'1605850475@qq.com','18819775674','07205543b48124bc1cd060a3c54a36e7','N6EjBFYVDJw6D01x5HBWpxRG45eM4dgS',NULL,1,NULL,'2017-09-22 12:13:39','2017-09-22 12:13:39',0),(246,'1725987979@qq.com','13750483169','c091cdbd7cf300235f6eacea866222f1','lBSPLEkNVnsTVW3dUrv5voC6xiDFOkYm',NULL,1,NULL,'2017-09-22 12:14:19','2017-09-22 12:14:19',0),(247,'2483665252@qq.com','18819782883','90650c308c6ae283eec82c25c3d83b95','t8ZufTHnUGpHnGR42qrY7BM1OBqZKSD5',NULL,1,NULL,'2017-09-22 12:18:38','2017-09-22 12:18:38',0),(248,'593755659@qq.com','18818307010','1dcf61a26731737100a3c3a654deeb8e','Z6hSMAI1MVrg1Fq2EcVXfVKm5IbpDe1w',NULL,1,'o99WF1h7I887fXlTthuAi7VU6Mqg','2017-09-22 12:20:15','2017-09-22 12:20:15',0),(249,'1979221851@qq.com','17820281850','61fa4beb1c75eeec05355a46f9ff7146','EaaD2elIdJKY6rhCMDn5Ib6zf1seMJ4F',NULL,1,'o99WF1jiSp6P4oWTyACF_l7syXoo','2017-09-22 12:24:54','2017-09-22 12:24:54',0),(250,'839397941@qq.com','18307511220','03596c1a4749f2dc24bfda9fe048773b','UpwZRpPccUmXRxuz2Ff6ltCePEXNERcO',NULL,1,NULL,'2017-09-22 12:28:45','2017-09-22 12:28:45',0),(251,'13022056602@qq.com','18819782892','2902de27bf5f8a31f9629fade9b01577','OQPpn29jyveCZUca9gJHln1wD2lJPZa5',NULL,1,'o99WF1j8jqxnAMu_nrNYKbfKnTXs','2017-09-22 12:32:03','2017-09-22 12:32:03',0),(252,'914306307@qq.com','17512040910','b1aec44c07fceb6aed224e7c6125d9c4','NlEwDC7Tt9HN00Rksu1SILjznsbk7EoD',NULL,1,NULL,'2017-09-22 12:41:04','2017-09-22 12:41:04',0),(253,'769465987@qq.com',NULL,'99279bd5811f528c5e0e348ec57a9d2c','wvCYFOBHsCKK7YUTnW4c3FYslfC69lYl',NULL,1,NULL,'2017-09-22 17:51:41','2017-09-22 17:51:41',0),(254,'390329720@qq.com','13450335113','a8d09f5ac15f8039db81f0dcf486a762','HnmBF7VG2VIEdyeKJgx7qPvnycR1QfGz',NULL,1,NULL,'2017-09-22 17:53:13','2017-09-22 17:53:13',0),(255,'1923159316@qq.com','13719716185','f36e95ed06d071c34788e76a1b3efb82','eKZYgMaP47ZUyfAKSrYRn4gnjOAnnfHy',NULL,1,'o99WF1o8CEh8pYmzGvCI93p4PNgE','2017-09-22 18:08:47','2017-09-22 18:08:47',0),(256,'332642310@qq.com','18819775140','b8b6e13b8a9737e2bc9592a45e93b183','z1Kjbx7t8ZHfXu28rX2O4BJvR0qJZGv0',NULL,1,NULL,'2017-09-22 18:24:19','2017-09-22 18:24:19',0),(334,'593048300@qq.com','18819774713','d114c8d48c0555573f6c5c3c1debe31f','Eux1mwCRIhCXpEiC9OuUqnMoIFCjtJej',NULL,1,NULL,'2017-09-24 17:40:24','2017-09-24 17:40:24',0),(258,'729010115@qq.com','18011975650','7399b8cf6450b948f0e92a8cc711e791','KC0Jvt6xNCGeq3CePA7T5AyCsiVEOOme',NULL,1,NULL,'2017-09-22 18:25:38','2017-09-22 18:25:38',0),(259,'895932741@qq.com','13415629459','1c5a9711550a99996ec43f86f2c07ad5','Q4HJqgpGKVUUImtsiwZdHct5ntN1hHDE',NULL,1,'o99WF1m26g0azAZW_CctQjo0k3S0','2017-09-22 18:28:04','2017-09-22 18:28:04',0),(260,'763798774@qq.com','13570999752','c5a8f09122cf67116ded180f2d51496d','cJdYk0KjzuJmWTitZggjgJGYUKq6V37Y',NULL,1,NULL,'2017-09-22 18:29:02','2017-09-22 18:29:02',0),(261,'1849085272@qq.com','13417290598','72da2ec16d81c642bc0a7b298cbc8141','w3hsPpkOVw5Ka53ODA36ANP7WxefBgxC',NULL,1,NULL,'2017-09-22 18:31:13','2017-09-22 18:31:13',0),(262,'1298679682@qq.com','18819773385','24a95a4b1ac56f1c93be2370919b4ec4','2W1pZQNq7Au9AYHnNZY1z0vCogmnnV4e',NULL,1,'o99WF1mFW-KCwJFyGHTlzGzHaSZo','2017-09-22 18:33:23','2017-09-22 18:33:23',0),(263,'1067397044@qq.com','18818307063','2c08f9e3e43c81ad045c25209e084361','m1Rf7ekaIX5XlEZtbBD77eQjnEU6BWTO',NULL,1,'o99WF1gikOM9PyN5YVCGI0Iuo6IU','2017-09-22 18:36:00','2017-09-22 18:36:00',0),(264,'739406132@qq.com','18818309055','ca448513ff88a9bb0985885070b6b461','YXGYAjY3U9T9y2bsFMQVPUf1yHzpWIJM',NULL,1,'o99WF1rmyW8dF39FWMPGX74XTGes','2017-09-22 19:47:31','2017-09-22 19:47:31',0),(265,'1141799387@qq.com','18819776372','8ba1a5202ebae85e428dce2df0abf37c','bQUpvtwYsT3DEDYg3fYRBZ34jv4pq4WR',NULL,1,'o99WF1pHQPoX8-mxbzGAAAE6ZGiE','2017-09-22 21:03:57','2017-09-22 21:03:57',0),(266,'794689335@qq.com','18818305245','d33dce52cd6264a97d56da63c8482f5b','ekWOwP4EZpRtvFcJY9GeqIIKEpaOAXXF',NULL,1,'o99WF1vFd4hGw9cdyFpm5-5VLowM','2017-09-22 22:37:59','2017-09-22 22:37:59',0),(267,'2423058547@qq.com','18819776929','9b265a6af02d3bb553f8418cd839b7cf','PuS7KOPkQKIINHGaaouLlFgPZiKlEY3Y',NULL,1,'o99WF1g306owwxudYpySit12Fmpg','2017-09-22 22:50:26','2017-09-22 22:50:26',0),(268,'1468137548@qq.com','15017274958','14143c35993b102ebf546ce3d1d1e1be','zqh8oNQW5fw9rmAnHJqf8IMaG0ZiUDl5',NULL,1,'o99WF1ryopWllmMm5-iINJjTtgck','2017-09-22 23:14:08','2017-09-22 23:14:08',0),(269,'314315859@qq.com','18818303605','e3441d4495bc22e873be318863887334','B8HeYUmSPLscqUDXzpqEYWSz307fRURv',NULL,1,'o99WF1pSKdqOuT6kxgB1pa47wWvE','2017-09-22 23:25:52','2017-09-22 23:25:52',0),(270,'1434239022@qq.com','18826345534','9453df75e3164371092b11841f16d5f6','ivERbWYIAnJTPXrQSg3Yb8CWs7WUn3JY',NULL,1,'o99WF1qpn-9kSUaoXO_LdrTk760Q','2017-09-22 23:31:18','2017-09-22 23:31:18',0),(271,'www.1183350406@qq.com','18819790861','2dc6fe79db87472fd66e270a5dfef98f','EsPY9ZJgHvJx784v7wsR4feXdHbzNl76',NULL,1,'o99WF1ovDl5XKw8TYao6nhIHFhDM','2017-09-22 23:31:26','2017-09-22 23:31:26',0),(272,'1042856535@qq.com','18818300628','0d6e4d31199c09c63ffaf6668af34827','Z86jDqL4F7CRd5X6ctxcImiVWmQPmcZt',NULL,1,'o99WF1ncJ-P0gBXlDV8RBezaLmD8','2017-09-22 23:34:33','2017-09-22 23:34:33',0),(273,'2468339827@qq.com','18818306204','807f42bd67dce36f1afb554040a8ccde','kyyK0hfwY13dONpL13WMDtft1zgqcJjN',NULL,1,'o99WF1lw0V56doivRZPJmIvpQQeY','2017-09-22 23:36:48','2017-09-22 23:36:48',0),(274,'1091024494@qq.com','18307510902','9c6f9129a6ffd4ff5242de99b0c80173','arqR8GzkEW0mVpaLuWWkTPquIQwRIoVF',NULL,1,'o99WF1rrQI1jMNBFWNGSxs8bFUzU','2017-09-22 23:44:07','2017-09-22 23:44:07',0),(275,'907251876@qq.com','13415644696','646a0e5ed94b893a54b602c6d1e4427c','NYjta2YWqkxGBN32f9LT48LGS44kYLbu',NULL,1,'o99WF1jai-QJ7vLpBTIOlOGKzIIQ','2017-09-23 08:01:57','2017-09-23 08:01:57',0),(276,'1792706179@qq.com','18819776825','a2d7f055d00f6e664c0a782bcb25b6f7','v2YZC4iOIbjCzAEytmFjgGXrq65KW9IS',NULL,1,'o99WF1nNsSGPJhLw_9GJHXoRT9N8','2017-09-23 11:30:05','2017-09-23 11:30:05',0),(277,'490474249@qq.com','18818304477','024a28bc3f3252c71bfdc50e6ce24030','g3BhfLDEjk4VbIuUAqwZBXHP2xVYfVtn',NULL,1,NULL,'2017-09-23 11:34:22','2017-09-23 11:34:22',0),(278,'1611237690@qq.com','18165679270','f2ba085880ed20130118b19fd831d7b5','028nDpGPMIPXUjcXRhxHaCW0QjM8naQk',NULL,1,'o99WF1jS0lSOlpHG4tvUtajBVtXQ','2017-09-23 11:37:43','2017-09-23 11:37:43',0),(279,'1660449628@qq.com','13539158426','8b1645727713689d42e166e7f66dcd27','t7iIKLi15wV17yeak6qZWEb4UklzA8uV',NULL,1,NULL,'2017-09-23 11:40:34','2017-09-23 11:40:34',0),(280,'648922982@qq.com','18818301017','f017a93123c3157fe346f2ba848ff3f1','I4YOMJLUFZxo98ThMEf2CNqNy3oPUpcM',NULL,1,'o99WF1mgm_ei6jBmG01IuGALp-MY','2017-09-23 11:43:48','2017-09-23 11:43:48',0),(281,'1026991214@qq.com','18819774060','e7b9073e2317d4485ec25feddbaec332','UnjVISQWHa3AuDcnIrILI1QJQrAFpDEJ',NULL,1,NULL,'2017-09-23 11:48:36','2017-09-23 11:48:36',0),(282,'799106454@qq.com','18818302608','9a5be69bc31342c38460002c2fcdf106','njIXa2KBJENsBD7qEfBcfqNuRU59AkGD',NULL,1,NULL,'2017-09-23 11:49:44','2017-09-23 11:49:44',0),(283,'1040987213@qq.com','18819776307','bb485fe4f9c15e53f580a0e8b28a384f','Q45C5jH7dfvuF5PQTFOjhfi3Iy3kqdVD',NULL,1,NULL,'2017-09-23 11:50:48','2017-09-23 11:50:48',0),(284,'1316854038@qq.com','13711419840','986c224755a4a6e790888639bf5c0e55','6wshQamRuiRVJiHqJMs2cihruszHM22L',NULL,1,NULL,'2017-09-23 11:52:27','2017-09-23 11:52:27',0),(285,'1731315067@qq.com','15113439798','8fd7ebaf2e8da0ffc373d7de94a09f4b','lCrqMmObcgIGu2Q04c9IhNFh96iwtyv3',NULL,1,NULL,'2017-09-23 11:54:50','2017-09-23 11:54:50',0),(286,'1315585950@qq.com','18819776152','57137306afd6a919bfb71d82e56bea09','AG6V88mFQyzQ9lGSPz3NllYbrW2Atdi5',NULL,1,NULL,'2017-09-23 11:58:43','2017-09-23 11:58:43',0),(287,'1196087961@qq.com','18819773734','e4c996db7c1ca2eac88710e93b3183ee','RYjIydRVOaxTVR1cwMLsrsbFX4MgIXB8',NULL,1,NULL,'2017-09-23 12:03:54','2017-09-23 12:03:54',0),(288,'995388668@qq.com','18819795657','c9654c6aed88a9ba7c49742566a47b14','uVZ5tzSMsoBAH5dOnyxba0ImEkrSWIwr',NULL,1,'o99WF1icP1ieEvye1OckKbo8Rghg','2017-09-23 12:18:47','2017-09-23 12:18:47',0),(289,'1073641892@qq.com','18307517281','63dc62079e28f362485d1338a3f99af2','FX7HbwtmzDGO545zMEeA5IeOAzlW8Xuz',NULL,1,NULL,'2017-09-23 12:21:31','2017-09-23 12:21:31',0),(347,'979529890@qq.con','18819773397','f4f9d1a54a837a09acbee67937a01e4f','RQyVpZLgE8SAzsMmziDehPz7vMgGMKWg',NULL,1,'o99WF1rnqZo3yTBkHp6Tl95SIOaE','2017-09-25 13:01:56','2017-09-25 13:01:56',0),(291,'22422720@qq.com','18819773451','f02bf256524ee182feec0a23c1024b4d','T7oqPNtvEOuSAXWcGJbdPIVhLIK6x8WG',NULL,1,NULL,'2017-09-23 13:10:17','2017-09-23 13:10:17',0),(292,'654996418@qq.com','17817975029','760ffd797a62191edd6d62f642a2eb3e','Mvf5Qjg58NZ9v2ZqCQUZtKxbgU2qG5HE',NULL,1,NULL,'2017-09-23 13:30:28','2017-09-23 13:30:28',0),(293,'1272679589@qq.com','18819774061','913f0367c45fd5eb78b5cb093a904ecf','rpgpmoe23TJuiWnJzNGRx0GksOAYrRiP',NULL,1,NULL,'2017-09-23 13:34:56','2017-09-23 13:34:56',0),(294,'575804133@qq.com','18818301520','22949b5d0070d7c80d442c0d0513625f','PrSBrF7p3yZpKDPcDBjNtQyac2R13y37',NULL,1,'o99WF1o1xc3GhXJCYVezuOiI01NI','2017-09-23 13:43:59','2017-09-23 13:43:59',0),(295,'1096430190@qq.com','18924142473','521fd176b6dc204d2de958d39b49c1e6','k1lC3PUUMYfXVvvDWrK6M0GgXnRkkYEe',NULL,1,'o99WF1tbkOfLlhsyLEDYVaMJcFVE','2017-09-23 14:09:52','2017-09-23 14:09:52',0),(296,'3123182173@qq.com','18818303549','18744d05a7dd42c9631d1a296fb37345','06NE6tGHUTHPPqW8fP9072YOeHh05CTR',NULL,1,NULL,'2017-09-23 17:57:26','2017-09-23 17:57:26',0),(297,'1340324168@qq.com','13415638034','1598de4e995ad0e9bce79248852c8fc7','oU4UFXe3P7G6hFvt8Ibu1Uqiqb4oRGjr',NULL,1,'o99WF1p4bcSZlXJh-UJfHLzqGgbM','2017-09-23 17:57:45','2017-09-23 17:57:45',0),(298,'1787668842@qq.com','18819774905','d9ced60d01c69d9a551fa26209e4c778','87G1sGSwuRUbHb0oBqdSuP6gTXwGKBcT',NULL,1,NULL,'2017-09-23 18:13:14','2017-09-23 18:13:14',0),(299,'651208871@qq.com','13415638865','e3a08a9b6d019c9c64fabbde9cf9d0f5','s6850kqp1OSkvIBVPdlzld4Jovapk2hR',NULL,1,'o99WF1ma2FZVfqF9rvXt8rC8pPX4','2017-09-23 18:50:24','2017-09-23 18:50:24',0),(300,'1292632720@qq.com','15113420805','7b1335730bb5e6b2ad51a5569cc59abd','MDStA88oazilcaf0ElG2sQGTRzEidtEZ',NULL,1,'o99WF1qyqurtJeec8wWOKiuZVr5M','2017-09-23 18:55:22','2017-09-23 18:55:22',0),(301,'1026948915@qq.com','18818303176','8487edb38fdab2efb9e1a4991584e53c','sUF8ye0l0xcYm2yYCLmyRzXoMoE9dMG4',NULL,1,'o99WF1vlXrUAJr9iZf1hMeR_7etg','2017-09-23 19:01:17','2017-09-23 19:01:17',0),(302,'631008759@qq.com','13246867296','005b3e17fbdf021e6cfd81a4557224ab','CKJhP1AwnYi0TvFDhiFix5bTiRmpxTNo',NULL,1,'o99WF1vzxqo5bCmnJrtW0i-riZVM','2017-09-23 20:16:42','2017-09-23 20:16:42',0),(303,'1525053329@qq.com','18819774022','035fe1df23d8ac698a332a8196cc7bed','eqOen5NRFN3CycAWi1dyUGJyh2LZxC1I',NULL,1,NULL,'2017-09-23 21:10:55','2017-09-23 21:10:55',0),(304,'1776307146@qq.com','18476183909','3a0183cd1f129a1761c6df937e7349b6','cWdTLvpFPEGqLP7Z48bAy6gfuuL0koSh',NULL,1,NULL,'2017-09-23 21:12:10','2017-09-23 21:12:10',0),(305,'1678675922@qq.com','18818308322','a66acc0e1943c054b803aee07fe0855b','unUlM2nRtiQ4Wp1glwgKLXDnvhMCd00U',NULL,1,NULL,'2017-09-23 21:13:21','2017-09-23 21:13:21',0),(306,'2463604327@qq.com','13927761123','bdefb7ebb76851eb61b6f295585e7aea','zmtQZvvz3FQtU8XSfVVD185aqNH6AWXY',NULL,1,NULL,'2017-09-23 21:34:02','2017-09-23 21:34:02',0),(307,'xhy0103@sina.cn','18819775331','b58b03fba5e4559ba608aa47410c76b3','kHiKOJl6WbQ9yPnJGpsq1QxMIL47hmMd',NULL,1,NULL,'2017-09-23 21:34:09','2017-09-23 21:34:09',0),(308,'1711848802@qq.com','18816717706','b820c411cc061b4a8f0ce2e991573f4d','8YSaIRh4HmT5SIB6uv9y3U05PbRWvipG',NULL,1,NULL,'2017-09-23 21:47:58','2017-09-23 21:47:58',0),(309,'2824503711@qq.com','15016675323','9f9ace0ddfd376148eccfb1431f26030','FHjys5htUbsQOVSUB73jTn70LsEJrdja',NULL,1,NULL,'2017-09-23 21:50:51','2017-09-23 21:50:51',0),(310,'849396659@qq.com','13415621938','3610f25ff55e78ff9d1b2b3ff254705d','AaRmow6hSoM3ujp6QNWeIY2bATipaRJh',NULL,1,'o99WF1kZyCtnrkNjGpWPcSbvRzjU','2017-09-23 22:22:31','2017-09-23 22:22:31',0),(311,'597069529@qq.com','13790525912','15db5c67b80fb0417f07f427381e9d14','wtjNEOLeetizc7m5qXnyPkf4U6lbduen',NULL,1,'o99WF1qCl59hQ6u3r_F2GKxYVpCM','2017-09-23 22:30:24','2017-09-23 22:30:24',0),(312,'769170883@qq.com','15119176055','9ee621852ec571bd8915284f1f8d7e2a','EQPUcj574EBtYD3UsmYZsIDcCg3SfqP1',NULL,1,'o99WF1p61NU_jUmmWq_cqG2r1MwM','2017-09-23 22:43:56','2017-09-23 22:43:56',0),(313,'1944955525@qq.com','13420577943','bb8b2c6c6caf4926d20c95ef4885f6c2','mIC7PIW5UCGAHJlKtKbdQA6GQJoJOeY8',NULL,1,'o99WF1lRMtKYAnhPPcLHIA1QJVw0','2017-09-24 06:25:49','2017-09-24 06:25:49',0),(314,'1351019870@qq.com','13415634742','3b3dfbe8f4463f8b57daa0865e46787c','DvclGtVtbJZfKuC0YJaekKN40a2zWImT',NULL,1,'o99WF1mfr4oCMsLjypPerbKoEy2M','2017-09-24 11:30:24','2017-09-24 11:30:24',0),(315,'2634149526@qq.com','13415636850','aaf0e8a9eed6da818e93c4d89b0f979c','Iz4rv9r4fEhpRG0bprV7iFJ9mMBsdP4h',NULL,1,'o99WF1mfr4oCMsLjypPerbKoEy2M','2017-09-24 11:31:36','2017-09-24 11:31:36',0),(316,'2695689632@qq.com','18476928784','a2cfff46035b6bdac41bd11b30aea14e','xH1JClTqBcwKHZ1PmirTnj29kx7LiHAq',NULL,1,NULL,'2017-09-24 11:37:30','2017-09-24 11:37:30',0),(317,'1801939554@qq.com','15767696197','79f9d0b537601f4f00ac2f0aac430ffa','y1r3Ve4IHBpyupziUUwPUdo7lU28cfmK',NULL,1,NULL,'2017-09-24 11:37:32','2017-09-24 11:37:32',0),(318,'2655425317@qq.com','18819774667','e80f2beaf8e34e847269a67f2ac0ef75','cTWMzyQkIzWCilGbd69GBBYU6c2GUd7p',NULL,1,NULL,'2017-09-24 11:47:50','2017-09-24 11:47:50',0),(319,'1120153772@qq.com','17817921285','f8d713e427b8179fc979545fa5eec87d','4Lb8RABIO6x2F1nu7VsvsXGRdX5ZFZU6',NULL,1,NULL,'2017-09-24 11:56:46','2017-09-24 11:56:46',0),(320,'1656827253@qq.com','18818309263','06e2e35f23cea182df4639d397feedc6','enUeAaURL48vKNdTjzqJIa2EFMXdLBt9',NULL,1,NULL,'2017-09-24 11:57:09','2017-09-24 11:57:09',0),(321,'2877680863@qq.com','13790832126','0e24f21ba760157aee7d0adf8d448d29','IEyQTvy6TqxeHnYnxOfXKCi24RjyU9SB',NULL,1,'o99WF1r4_2b3qSQQqdI4jvDsTX7w','2017-09-24 11:59:27','2017-09-24 11:59:27',0),(322,'823793803@qq.com','13612872957','ba0a23e3eff8828bb3dd4be9464e37ac','G6tAeCuIp2ZMvDeL5OfoTQGePxL29dL4',NULL,1,NULL,'2017-09-24 11:59:30','2017-09-24 11:59:30',0),(323,'1429096175@qq.com','18819782309','47afdf34980e4ddb6d82dcee262e4be2','541zd7sCgRMDTgQWHNMmoQlZjHOaLgyb',NULL,1,NULL,'2017-09-24 11:59:30','2017-09-24 11:59:30',0),(324,'153514654@qq.com','18307515217','2f39baca1cce129467ac20b3e0853f2f','7UlpTJZXw36qKXncAQWU737PzPOXfBAm',NULL,1,NULL,'2017-09-24 12:04:42','2017-09-24 12:04:42',0),(325,'1336213915@qq.com','13018587321','22d28acd5615358aa4e65afa2ab6103c','gEaKU6adV0TSGJDDihlm66ofFhhWpIgt',NULL,1,NULL,'2017-09-24 12:05:36','2017-09-24 12:05:36',0),(326,'852172301@qq.com','18819774914','06a1a2988c073320b18fc71fddfb8445','Ju92nlC5fNTOXiRpChQOMdYPeZpHgZkR',NULL,1,NULL,'2017-09-24 12:07:05','2017-09-24 12:07:05',0),(327,'905646794@qq.com','18818309816','edd3f4eca255e19fc600fcd453ecdc14','YWbc2H7aXsVyXg1mSgi2JPFBeEuzrIE3',NULL,1,'o99WF1rXVeUebEPqHYQHfNm6_t-Y','2017-09-24 12:08:15','2017-09-24 12:08:15',0),(328,'415899790@qq.com','18819776170','c779ef9826cafab7c843210112bd987e','egyAM1wK0YnZslEi43NtMpIgZjatkHBK',NULL,1,NULL,'2017-09-24 12:13:47','2017-09-24 12:13:47',0),(329,'1394432949@qq.com','18307515764','df277e7ad18ac9ae0ba63719223d65df','EEDw9lShmxNBmzeGQSFsVCbOFjUCzY53',NULL,1,NULL,'2017-09-24 12:40:12','2017-09-24 12:40:12',0),(330,'1944135200@qq.com','18818300654','6f40a767d0eb222b45b33860f0e21628','fbx9jyOLUL2VVMGhTyu9qv6ruVDdMDYe',NULL,1,'o99WF1oVPvcTuukEOYPofoPTder8','2017-09-24 12:47:25','2017-09-24 12:47:25',0),(331,'1318507142@qq.com','13542268560','d876e199f8d52a9193d34248801185b6','GLMQ6TIeoEn0cek9UFsqaUDY10HaxwS9',NULL,1,'o99WF1gKTz8A6X8XJYWVc46gp9Wc','2017-09-24 13:32:50','2017-09-24 13:32:50',0),(337,'1377420280@qq.com','18307518708','8826d60eb20765cf830b18f19990f0ea','3fguLvVQn3RaXHNdvhUldLpUMfsCNREK',NULL,1,'o99WF1gvizgina-t-I-GFOXx0hVo','2017-09-24 20:23:06','2017-09-24 20:23:06',0),(338,'1059691387@qq.com','15363207497','1296c0c2a075cffaa7f43e6dbb2c506f','vsTN5W1oUD2YcESpA2Q3EGY1JzSngiwp',NULL,1,NULL,'2017-09-24 21:25:39','2017-09-24 21:25:39',0),(339,'1174988219@qq.com','18211206893','d4bf746d009c887aa651b3d5818a9025','hdcyNAmfTcKO5Wj536C5BMGReQPR3Jwg',NULL,1,'o99WF1pFZkTj-bXVa7dX42vQ7ZD0','2017-09-24 21:34:48','2017-09-24 21:34:48',0),(340,'1728143639@qq.com','15728235736','8478f55789a110b70ded575d49cea967','bbTz6CvaFz0OiCfIWTCdpTFJZjfMyYFH',NULL,1,'o99WF1lvCaRNb2tf-uGnilCjpjQM','2017-09-24 21:35:29','2017-09-24 21:35:29',0),(341,'irfenng@Hotmail.com','18818307027','f42f77a70cb57664e2357a351ed51984','Gr4s3h5BzXmE7dFZUYuckpEztXsrlRP1',NULL,1,'o99WF1tjhJHu1U8VAlFLRRvtroyI','2017-09-24 21:37:27','2017-09-24 21:37:27',0),(342,'1776817840@qq.com','18818307027','762657394e6dde5ada55585e4b94b055','Mqy7luK4zfgUV1XPycKLhwNnwL7HulBS',NULL,1,'o99WF1tjhJHu1U8VAlFLRRvtroyI','2017-09-24 21:38:24','2017-09-24 21:38:24',0),(343,'841282873@qq.com','18819775652','30258bd4b64ee79a7c1b656d3aaae61c','5esjowomPFXKyU0futEEWpupSEvFCdyr',NULL,1,'o99WF1pFZkTj-bXVa7dX42vQ7ZD0','2017-09-24 21:44:13','2017-09-24 21:44:13',0),(344,'1198339132@qq.com','13232112337','a90786a20430918b43c3a4c6dcdbbe0c','fsTDb5CXyEHXQtitVmXfTDtwU0oaLNDe',NULL,1,'o99WF1kgKDBNMwLIerC3o6Qa1_MU','2017-09-24 21:46:25','2017-09-24 21:46:25',0),(345,'565444295@qq.com','18818303608','6beccd288adb6bf6af86d0340d1a0073','wyIbwRrHe82GSqznvQK0g6J8F7onO9mi',NULL,1,'o99WF1nSnC3p9kfYJ-ZqID6ODPvs','2017-09-24 22:09:59','2017-09-24 22:09:59',0),(346,'1035750673@qq.com','18307516240','11a788133ddd10e78442a1efa4b94f98','bc4LKZLIEPdNzzyuGGuqpaQw4K6ZI7Lw',NULL,1,'o99WF1ikUjmIkkgQvlRz-9xur74g','2017-09-24 22:12:52','2017-09-24 22:12:52',0),(348,'912034094@qq.com','18818304859','8db07e774acc7ae5af0f98b5f562509f','v2sNDfoUL6j8FrQ1xLYiGZA96oZb0tAz',NULL,1,'o99WF1nbofVjh-X9IFI7TEQY4hFM','2017-09-25 22:34:09','2017-09-25 22:34:09',0),(349,'912034094@qq.com','18818304859','e1bb15f2a3a1e6df8f4a69b6925b6a89','YGPnWuUg9TuivhGA4NZVYnknqB21GNqI',NULL,1,'o99WF1nbofVjh-X9IFI7TEQY4hFM','2017-09-25 22:34:09','2017-09-25 22:34:09',0),(350,'1464181436@qq.com','13148647960','a4b9408cf7e0e344bd0f870b58867eda','rNmlvloTUZMVdbCe3trAluSy6VscYuUB',NULL,1,'o99WF1hJ1RguXjuS0TuiHvXkuSyE','2017-09-25 23:51:55','2017-09-25 23:51:55',0),(351,'493396522@qq.com','18819782850','ba13d72a3e555893031af9392c990d5d','54OKnGJNqwHJ2DC1B6uoIj1nCpHzi0UW',NULL,1,'o99WF1m4H1cAlB0ntulBGpb2lx-g','2017-09-26 00:35:07','2017-09-26 00:35:07',0),(352,'','18307511320','50e0e6aaf5697265ff302cdd47c52032','86zUSQt5UdKZC6E0AozLvEG7sivZZqN8',NULL,1,NULL,'2017-09-26 19:20:05','2017-09-26 19:20:05',0),(353,'2580218188@qq.com','15707533147','14923062f088ad641c5fa86e10449487','q2WA2UjdWJEjWjSwtfFoa2pQMqYyrvi0',NULL,1,'o99WF1kOX4n2QlnD279dpcsGnEiM','2017-09-27 00:11:24','2017-09-27 00:11:24',0),(354,'947506279@qq.com','18819773968','beba8902f916df351092a41840dbca68','OebKUdJ5CBnVJYP8R7D24i4TpCBDNydW',NULL,1,'o99WF1nwWfsB2ij7TgNRB_quMfYk','2017-09-27 06:41:47','2017-09-27 06:41:47',0);
/*!40000 ALTER TABLE `users` ENABLE KEYS */;
UNLOCK TABLES;
/*!40103 SET TIME_ZONE=@OLD_TIME_ZONE */;

/*!40101 SET SQL_MODE=@OLD_SQL_MODE */;
/*!40014 SET FOREIGN_KEY_CHECKS=@OLD_FOREIGN_KEY_CHECKS */;
/*!40014 SET UNIQUE_CHECKS=@OLD_UNIQUE_CHECKS */;
/*!40101 SET CHARACTER_SET_CLIENT=@OLD_CHARACTER_SET_CLIENT */;
/*!40101 SET CHARACTER_SET_RESULTS=@OLD_CHARACTER_SET_RESULTS */;
/*!40101 SET COLLATION_CONNECTION=@OLD_COLLATION_CONNECTION */;
/*!40111 SET SQL_NOTES=@OLD_SQL_NOTES */;

-- Dump completed on 2017-10-19 17:40:54
